nombre,empresa,email,rubro,notas
,Premium Fresh Herbs,"premiumfreshherbs@gmail.com, mx@fastfwdus.com",alimentos,QuickBooks · último registro/renovación FDA 2024-06-08 · Cambio de Agente FDA
Christian Duque,CS93 LLC,comercial@saludsemillas.com,alimentos,QuickBooks · último registro/renovación FDA 2025-10-16 · Cambio de Agente FDA
Dieter  Noche,Fundo Sudetia del Sur,d.noche@hotmail.com,alimentos,QuickBooks · último registro/renovación FDA 2023-03-28 · FDA Establishment Registration
,Apricot Boutique,"logistica@laboratoriosdibar.com, mx@fastfwdus.com",alimentos,QuickBooks · último registro/renovación FDA 2025-10-13 · FDA Establishment Registration | FDA Renewal
Alberty  Grupo,Alberty Grupo,servicecommercial@agrofrance.fr,alimentos,QuickBooks · último registro/renovación FDA 2023-10-19 · FDA Establishment Registration
valeriusajin@gmail.com,valeriusajin@gmail.com,valeriusajin@gmail.com,alimentos,QuickBooks · último registro/renovación FDA 2024-02-06 · FDA Establishment Registration
,Yasmin Salgueiro,yasmin.royal@outlook.com,alimentos,QuickBooks · último registro/renovación FDA 2024-10-23 · FDA Establishment Registration | Registro Establecimiento FDA
,Nordur & Co ehf,"soren@nordurco.com, mx@fastfwdus.com",alimentos,QuickBooks · último registro/renovación FDA 2025-11-05 · FDA Establishment Registration | FDA Renewal
Alejandra  Silva,Wellness & Cook LLC,sanatribes@gmail.com,alimentos,QuickBooks · último registro/renovación FDA 2025-07-14 · FDA Establishment Registration
Amro Al-Khafaf,Oro Inc.,amro@prluna.ca,alimentos,QuickBooks · último registro/renovación FDA 2025-10-21 · FDA Establishment Registration
Matias  Alpert,Matias Alpert,matias.alpert@julius2grow.com,alimentos,QuickBooks · último registro/renovación FDA 2026-03-19 · FDA Establishment Registration
NAYELLY ZURITA,REFRIGERADOS FISHOLG & HIJOS SAC,comercial06@fisholg.com,alimentos,QuickBooks · último registro/renovación FDA 2025-09-04 · FDA Registration Renewal | FDA Renewal
,Andes Service S.A.,pulloa@vpcom.com,alimentos,QuickBooks · último registro/renovación FDA 2025-09-24 · FDA Registration Renewal
Elciario  Naranjo,Only Farms Peru S.A.C.,enaranjo@onlyfarmsperu.com,alimentos,QuickBooks · último registro/renovación FDA 2025-09-29 · FDA Registration Renewal | FDA Renewal
,ALIMENTOS NEBRASKA SAS,comercioexterior@alimentosnebraska.com,alimentos,QuickBooks · último registro/renovación FDA 2025-10-02 · FDA Registration Renewal | Registro de Establecimiento FDA
Pablo  Palmiro,La Estacada LLC,pablopalmiro@laestacada.com,alimentos,QuickBooks · último registro/renovación FDA 2025-09-29 · FDA Registration Renewal | FDA Renewal
,VITAPLUSS E.I.R.L.,vitapluss@hotmail.com,alimentos,QuickBooks · último registro/renovación FDA 2025-10-06 · FDA Registration Renewal
,"Chocolate San Jose, C.A.",jvalery@casafranceschi.com,alimentos,QuickBooks · último registro/renovación FDA 2025-10-10 · FDA Registration Renewal
,Industria de Derivados del Cacao Indecacao S.A.S.,ivanponce87@gmail.com,alimentos,QuickBooks · último registro/renovación FDA 2025-10-14 · FDA Registration Renewal
,HOTFILL SAS,camilo.reyes@hotfill.com.co,alimentos,QuickBooks · último registro/renovación FDA 2025-10-14 · FDA Registration Renewal
Alejandro  Leiva,Alejandro Leiva,leiva_alex05@yahoo.com,alimentos,QuickBooks · último registro/renovación FDA 2025-10-15 · FDA Registration Renewal
,Inversiones Good Hope SAC,ineira@inkawald.org,alimentos,QuickBooks · último registro/renovación FDA 2025-10-17 · FDA Registration Renewal
,Fruta Fresca SA de CV,esteiner@frios.com.mx,alimentos,QuickBooks · último registro/renovación FDA 2025-10-17 · FDA Registration Renewal
,Megafox SA,d.torres@megafoxsa.com,alimentos,QuickBooks · último registro/renovación FDA 2025-10-20 · FDA Registration Renewal
Maritza  Wilhelm,Medsite Inc,presidencia@medsiteinc.com,alimentos,QuickBooks · último registro/renovación FDA 2025-10-22 · FDA Registration Renewal | FDA Renewal
,agricola maria isabel spa,lipangue@gmail.com,alimentos,QuickBooks · último registro/renovación FDA 2025-10-27 · FDA Registration Renewal
,9-MAR S.A. NUEVEMARSA,nuevemarsa@outlook.com,alimentos,QuickBooks · último registro/renovación FDA 2025-10-28 · FDA Registration Renewal
Grimann S.A. de C.V.,Grimann S.A. de C.V.,macruz@grimann.com.mx,alimentos,QuickBooks · último registro/renovación FDA 2025-10-28 · FDA Registration Renewal | FDA Renewal | Renewal
,BODEGAS HESVERA C.B.,hesvera@hesvera.es,alimentos,QuickBooks · último registro/renovación FDA 2025-10-29 · FDA Registration Renewal
,"gomiagro,srl",elfridapimentel@gmail.com,alimentos,QuickBooks · último registro/renovación FDA 2025-11-04 · FDA Registration Renewal
,Pirwa Productos SAC,administracion@pirwaproductos.com,alimentos,QuickBooks · último registro/renovación FDA 2025-11-05 · FDA Registration Renewal
,Biosafe Industries SAC,kmontjoy@bsi.pe,alimentos,QuickBooks · último registro/renovación FDA 2025-11-05 · FDA Registration Renewal
,CABRALES S.A,exterior@cabrales.com,alimentos,QuickBooks · último registro/renovación FDA 2025-11-17 · FDA Registration Renewal
,DeCamilla Brothers LLC DBA West Coast Products,justina@westcoastproducts.net,alimentos,QuickBooks · último registro/renovación FDA 2025-11-17 · FDA Registration Renewal
,Comercializadora ECeroUno SA de CV RFC CEC231030V24,lucia@ecerouno.com,alimentos,QuickBooks · último registro/renovación FDA 2025-12-01 · FDA Registration Renewal | Registro Productos ante FDA
,Cesar Gutierrez,cgutierrez@nemx.co,alimentos,QuickBooks · último registro/renovación FDA 2025-11-25 · FDA Registration Renewal
,Instituto Sucesores Alfredo Villar S.A.,eugeniacesana@gmail.com,alimentos,QuickBooks · último registro/renovación FDA 2025-11-26 · FDA Registration Renewal
Elida  Padovan,KYOJIN SA,epadovan@kyojin.com.ar,alimentos,QuickBooks · último registro/renovación FDA 2025-11-26 · FDA Registration Renewal
Wallace  Franca,Frittos & Co. Inc.,info@frittosandco.com,alimentos,QuickBooks · último registro/renovación FDA 2025-11-26 · FDA Registration Renewal | FDA Renewal | Registro de Establecimiento FDA
víctor Vellvé Álvarez  Vellvé,Global tuber S.L.U,info@globaltuber.com,alimentos,QuickBooks · último registro/renovación FDA 2025-11-26 · FDA Registration Renewal | Registro de Establecimiento FDA
Danny  Kane,Aquafab Official Pty Ltd,dannykane@aquafab.au,alimentos,QuickBooks · último registro/renovación FDA 2025-11-27 · FDA Registration Renewal | Registro de Establecimiento FDA
,Almazara SA,l.baldini@aceitesfontalba.com,alimentos,QuickBooks · último registro/renovación FDA 2025-11-27 · FDA Registration Renewal
Daniel  Molina Bezies,BIOMAUSSAN SA DE CV,daniel@corporativomaussan.com,alimentos,QuickBooks · último registro/renovación FDA 2025-11-27 · FDA Registration Renewal | FDA Renewal | Registro de Establecimiento FDA | Renewal
,Agroindustrial y Comercial Superfruit Limitada,jcampos@superfruit.cl,alimentos,QuickBooks · último registro/renovación FDA 2025-11-27 · FDA Registration Renewal
,ORE PROCESADORA DE OREGANO SILVESTRE,mterrazasb@oremexico.com,alimentos,QuickBooks · último registro/renovación FDA 2025-12-03 · FDA Registration Renewal
LEON  HAMUI,NANOTECNOLGIAS DEL PACIFICO SA DE CV,leonhamui62@gmail.com,alimentos,QuickBooks · último registro/renovación FDA 2025-12-04 · FDA Registration Renewal | FDA Renewal | Registro de Establecimiento FDA
,Vision and Health lab LLC,visionandhealthlabllc@gmail.com,alimentos,QuickBooks · último registro/renovación FDA 2025-12-30 · FDA Registration Renewal
María Laura  Zugarramurdi,María Laura Zugarramurdi,mlaura.zugarramurdi@galowin.com,alimentos,QuickBooks · último registro/renovación FDA 2025-12-05 · FDA Registration Renewal | FDA Renewal
SERGIO  JARAMILLO CHERO,SERMARSU SAC,sermarsu@yahoo.es,alimentos,QuickBooks · último registro/renovación FDA 2025-12-05 · FDA Registration Renewal | FDA Renewal
,Doing Green and Socially Responsible Investing SAS,info@doinggreen.co,alimentos,QuickBooks · último registro/renovación FDA 2025-12-08 · FDA Registration Renewal
Carlos  Garcia,AURUM MARKET,carlosg@aurummarket.mx,alimentos,QuickBooks · último registro/renovación FDA 2025-12-11 · FDA Registration Renewal | Registro de Establecimiento FDA
,AVALMARTI S.A.,criscamacho@avalmarti.com,alimentos,QuickBooks · último registro/renovación FDA 2025-12-12 · FDA Registration Renewal
,PAMPA SAS,gerente@pampaltda.com,alimentos,QuickBooks · último registro/renovación FDA 2025-12-15 · FDA Registration Renewal | FDA Renewal
,ASOCIACION DE PESCADORES ARTESANALES DE LA PLYA EL CUCO,aspescu@hotmail.com,alimentos,QuickBooks · último registro/renovación FDA 2025-12-16 · FDA Registration Renewal
,Mobelusallc,maban.pablo@gmail.com,alimentos,QuickBooks · último registro/renovación FDA 2025-12-16 · FDA Registration Renewal
Nelson  Colmenarez,Agrotrading Venezuela C.A.,ahpalmerita23@gmail.com,alimentos,QuickBooks · último registro/renovación FDA 2025-12-16 · FDA Registration Renewal | Registro de Establecimiento FDA
Elizabeth Vela  Vela,ELIZABETH VELA,elizabeth@tehedeamar.com,alimentos,QuickBooks · último registro/renovación FDA 2025-12-16 · FDA Registration Renewal | FDA Renewal
Juan Pablo  Molina,J P M Exportaciones Limitada,jpmolinao@jpmexportaciones.cl,alimentos,QuickBooks · último registro/renovación FDA 2025-12-17 · FDA Registration Renewal | FDA Renewal
,PESCACIAL S.L.,calidad@pescacial.net,alimentos,QuickBooks · último registro/renovación FDA 2025-12-19 · FDA Registration Renewal
,Jabulissa SRL,info@jabulissa.com,alimentos,QuickBooks · último registro/renovación FDA 2025-12-22 · FDA Registration Renewal
,OCEANOS S.A,angela.angulo@oceanos.com.co,alimentos,QuickBooks · último registro/renovación FDA 2025-12-29 · FDA Registration Renewal
Juan de Dios  Lozano Garza,JUAN DE DIOS LOZANO GARZA,jlozano@vizananutrition.com,alimentos,QuickBooks · último registro/renovación FDA 2025-12-29 · FDA Registration Renewal | FDA Renewal | Registro de Establecimiento FDA
,UNITED OCEAN'S S.A.C,grecia.eche@unioceans.com.pe,alimentos,QuickBooks · último registro/renovación FDA 2026-01-06 · FDA Registration Renewal | FDA Renewal
ELIANA AYELEN  CEBALLOS,PATAGONIA SUNRISE SRL,ayelen.ceballos@hotmail.com,alimentos,QuickBooks · último registro/renovación FDA 2025-12-29 · FDA Registration Renewal
,Delta Produce LLC,kosta@delta-produce.com,alimentos,QuickBooks · último registro/renovación FDA 2025-12-30 · FDA Registration Renewal
,CEFOODEXPORT SAS,eacoronel@redcrab.com.ec,alimentos,QuickBooks · último registro/renovación FDA 2026-01-09 · FDA Registration Renewal
,Unión Agraria S.A.R.C.I.eI.,franco.murcia@sancarlossa.com.ar,alimentos,QuickBooks · último registro/renovación FDA 2026-01-27 · FDA Registration Renewal
,GRUPO FORCCA S.A. DE C.V.,javier.delgado@grupoforcca.com,alimentos,QuickBooks · último registro/renovación FDA 2026-02-09 · FDA Registration Renewal
Tomas  Ureta,San Agustin Seafoods,tureta@icloud.com,alimentos,QuickBooks · último registro/renovación FDA 2026-03-09 · FDA Registration Renewal
,Mei Production SAS.,info@fastfwdus.com,alimentos,QuickBooks · último registro/renovación FDA 2023-01-25 · FDA Renewal
Nicolas  Romeo,Laboratorio Copahue SA,nicolas@cremascaviahue.com,alimentos,QuickBooks · último registro/renovación FDA 2023-09-26 · FDA Product Registration | FDA Renewal | Registro de Establecimiento FDA
,INDUSTRIAS TOMY S.A.S,contadora@saltitacos.com,alimentos,QuickBooks · último registro/renovación FDA 2024-10-08 · FDA Renewal
KELLY  LUGO,KELLY LUGO,kelly.lugo@oceanos.com.co,alimentos,QuickBooks · último registro/renovación FDA 2024-10-13 · FDA Renewal
,AIR SEA CARGO SA DE CV,florencia@airseacargo.mx,alimentos,QuickBooks · último registro/renovación FDA 2023-05-24 · FDA Renewal
Ximena  Ansotegui,Ximena Ansotegui,"xansotegui@mac.com, mauricio@sudamericabusiness-group.com",alimentos,QuickBooks · último registro/renovación FDA 2023-06-29 · FDA Renewal
AZ ALCOHOL INCORPORATED,AZ ALCOHOL INCORPORATED,rigobertoc1119@gmail.com,alimentos,QuickBooks · último registro/renovación FDA 2023-07-05 · FDA Renewal | Registro de Establecimiento FDA
Yeni  Molina,Adelgace Colombia,patymolina7@hotmail.com,cosméticos,QuickBooks · último registro/renovación FDA 2024-10-03 · FDA Renewal | MoCRA Label Submission | MoCRA Product Registration | Registro de Establecimiento Cosmetico MoCRA | Renewal
Winner  Mesias,Winner Mesias,gerencia@procopromar.com.ec,alimentos,QuickBooks · último registro/renovación FDA 2023-08-07 · FDA Renewal
Erika Rojo Padilla,Erika Rojo Padilla,compras@huazotl.com,alimentos,QuickBooks · último registro/renovación FDA 2023-08-10 · FDA Renewal
Emilio  Montero,Decisive Group LTD,,alimentos,QuickBooks · último registro/renovación FDA 2023-09-28 · FDA Renewal
SERGIO  TEJADA,SOCIEDAD AGROINDUSTRIAL DE LA SELVA LTDA,sergio.tejada@delaselva.com.bo,alimentos,QuickBooks · último registro/renovación FDA 2024-10-16 · FDA Renewal
Bibiana  Vallejo,ABU COFFEE,abucoffeepanama@gmail.com,alimentos,QuickBooks · último registro/renovación FDA 2023-10-03 · FDA Renewal
Alcoholera de Zapopan,Alcoholera de Zapopan,hromero@alcozap.com,alimentos,QuickBooks · último registro/renovación FDA 2024-08-20 · FDA Renewal
,CAMPOS VERDES ARGENTINOS S.A.,gergiordano@hotmail.com,alimentos,QuickBooks · último registro/renovación FDA 2023-10-04 · FDA Renewal
,ERYPAK COMERCIALIZADORA Y SERVICIOS AL COMERCIO EXTERIOR SA de CV,ventas@erypak.com.mx,alimentos,QuickBooks · último registro/renovación FDA 2023-10-06 · FDA Renewal
Ernesto  Del Rio,Ernesto Del Rio,marketing@lapasion.es,alimentos,QuickBooks · último registro/renovación FDA 2025-11-18 · FDA Renewal | Registro de Establecimiento FDA
Roque  Sanchez,Roque Sanchez SLU,administration@trufaandtruffle.com,alimentos,QuickBooks · último registro/renovación FDA 2025-11-03 · FDA Renewal
Diego  Perdomo,Diego Perdomo,diego.perdomo@coolechera.com,alimentos,QuickBooks · último registro/renovación FDA 2023-10-17 · FDA Renewal
Pedro Bernal Aguiar,Pedro Bernal Aguiar,pedrobernal24@hotmail.com,alimentos,QuickBooks · último registro/renovación FDA 2023-10-31 · FDA Renewal
VICTORIA  GIORDANA,VG S.A.,victoriagiordana@vgsa.com.ar,alimentos,QuickBooks · último registro/renovación FDA 2023-11-06 · FDA Renewal
Ana  Dueñas,Pesquera Capricornio S.A.,a_duenas@pcapricornio.com.pe,alimentos,QuickBooks · último registro/renovación FDA 2023-11-19 · FDA Renewal
,Grupo Forcca,ccastillo@grupoforcca.com,alimentos,QuickBooks · último registro/renovación FDA 2024-10-02 · FDA Renewal
Julio  Leiva,Julio Leiva,conalib.jleiva@gmail.com,alimentos,QuickBooks · último registro/renovación FDA 2023-12-04 · FDA Renewal
Peggy Herrera  Herrera,Laboratorios SMA SAC.,peggy.herrera@smasac.com,alimentos,QuickBooks · último registro/renovación FDA 2023-12-20 · FDA Product Registration | FDA Renewal
,HO RACE EXPORT INC,horacio@niukefoods.com,alimentos,QuickBooks · último registro/renovación FDA 2025-08-26 · FDA Renewal | Registro de Establecimiento FDA
Horacio  Arguello,Horacio Arguello,"horacio@niukefoods.com, jessica@niukefoods.com, gustavo@niukefoods.com",alimentos,QuickBooks · último registro/renovación FDA 2025-09-04 · FDA Renewal | Registro de Establecimiento FDA
Alonso  Hernandez,Alonso Hernandez,alonso@thesuperfoodcompany.com,alimentos,QuickBooks · último registro/renovación FDA 2023-12-28 · FDA Renewal
Narciza  Eche,Narciza Eche,marlonechezapata@gmail.com,alimentos,QuickBooks · último registro/renovación FDA 2023-12-28 · FDA Renewal
Nicolas  Oramas,AOG FOODS INC.,"contador@aogfoods.ca, business.development@aogfoods.ca",alimentos,QuickBooks · último registro/renovación FDA 2023-12-29 · FDA Renewal
Freddy  Alomoto,Freddy Alomoto,design@lacuencana.com.ec,alimentos,QuickBooks · último registro/renovación FDA 2024-02-05 · FDA Renewal | Registro de Establecimiento FDA
Miriam Berru Santos,COMERCIO AMAZONIA S.A,miriam.berru@programafamilia.com.pe,alimentos,QuickBooks · último registro/renovación FDA 2025-11-24 · FDA Renewal | Registro de Establecimiento FDA
,SKUNKS COFFEE SAS de CV,"skunkscoffee@gmail.com, jmanuel.bernal@packber.com, mx@fastfwdus.com",alimentos,QuickBooks · último registro/renovación FDA 2025-12-04 · FDA Renewal
,Mangiare Seafood SAC,georgina@mangiareseafood.com,alimentos,QuickBooks · último registro/renovación FDA 2024-12-04 · FDA Renewal
Victor  Ramirez,Victor Ramirez,victor_chinaco@outlook.com,alimentos,QuickBooks · último registro/renovación FDA 2024-10-14 · FDA Renewal
Maricela Lachapelle  Lachapelle,Camilo Labs,camilointernational@camilolabs.com,cosméticos,QuickBooks · último registro/renovación FDA 2024-11-01 · FDA Renewal | MoCRA Product Registration | Registro de Establecimiento Cosmetico MoCRA | Renewal
Elisa  Gacia,Cervecería Austral S.A,"jedwards@cervezaaustral.cl, mx@fastfwdus.com",alimentos,QuickBooks · último registro/renovación FDA 2025-10-09 · FDA Renewal | Registro de Establecimiento FDA
ENRIQUE  ROIG,"PAPES SAFOR, S.L.U",szamit@grupoapex.es,alimentos,QuickBooks · último registro/renovación FDA 2025-12-01 · FDA Renewal
Jose  Gayoso,Salgado Congelados S.L.,calidad@salgadocongelados.com,alimentos,QuickBooks · último registro/renovación FDA 2025-09-17 · FDA Renewal | Registro de Establecimiento FDA
Juan Carlos  Cotrino Triana,JLV Green Products SAS BIC,jlv.greenproducts@hotmail.com,alimentos,QuickBooks · último registro/renovación FDA 2024-09-11 · FDA Renewal
Dominic  Haloute,Guiltless Gourmet Limited,"kmartinmedina@guiltlessco.com, kfraser@guiltlessco.com, mx@fastfwdus.com",alimentos,QuickBooks · último registro/renovación FDA 2025-09-05 · FDA Renewal | Registro de Establecimiento FDA
Mario  Sauro,Mario Sauro,msuro@gantano.com,alimentos,QuickBooks · último registro/renovación FDA 2024-09-19 · FDA Renewal
,FARMACIAS DE SIMILARES LLC,"admbgonzalez@fsimilares.com, mx@fastfwdus.com, alejandrareyesretana@gmail.com",cosméticos,QuickBooks · último registro/renovación FDA 2025-04-29 · FDA Renewal | Registro de Establecimiento Cosmetico MoCRA | Registro de Establecimiento FDA
,FARMACIAS DE SIMILARES SA DE CV,"rsoler@icsolbrands.com, admvsanabria@fsimilares.com, mx@fastfwdus.com",alimentos,QuickBooks · último registro/renovación FDA 2024-09-19 · FDA Renewal
Cristian  Sanchez,Cristian Sanchez,csanchez@cfelp.cl,alimentos,QuickBooks · último registro/renovación FDA 2024-09-26 · FDA Renewal
,ST. JOSEPH'S NUTRITION CO SA de CV,jnavarroe@yahoo.com.mx,alimentos,QuickBooks · último registro/renovación FDA 2025-08-26 · FDA Renewal | Registro de Establecimiento FDA
JOSE  NAVARRO,INDEX DE MEXICO S.A.,jnavarroe@yahoo.com.mx,alimentos,QuickBooks · último registro/renovación FDA 2025-08-25 · FDA Renewal | Registro de Establecimiento FDA | Renewal
,Ultra Frio SAC,"mpinedo@ultrafrio.com.pe, dcalderon@ultrafrio.com.pe",alimentos,QuickBooks · último registro/renovación FDA 2024-10-01 · FDA Renewal | Registro de Establecimiento FDA
,Bajo el Mar,csantana@bemsf.com,alimentos,QuickBooks · último registro/renovación FDA 2024-10-01 · FDA Renewal
Adriana  Cruz,CERESCOS SAS,adriana.cruz@cerescos.com,cosméticos,QuickBooks · último registro/renovación FDA 2026-02-05 · FDA Renewal | MoCRA Product Registration | Registro de Establecimiento FDA
,Omicronlab SA de CV,"aromo@o-lab.mx, mx@fastfwdus.com",cosméticos,QuickBooks · último registro/renovación FDA 2025-10-24 · FDA Renewal | MoCRA Product Registration
Alfredo Javier Yovera Rueda,"Vitapluss, E.I.R.L.",info@vitaplussperu.com,alimentos,QuickBooks · último registro/renovación FDA 2024-10-02 · FDA Renewal
SERCOSTA  SAC,SERCOSTA SAC,analista.exportaciones@sercosta.net,alimentos,QuickBooks · último registro/renovación FDA 2024-10-02 · FDA Renewal | Registro de Establecimiento FDA
Laura Viridiana  del Valle Barrera,Grupo Tx8 TePorOcho México S. A. de C. V.,contacto@tx8.com.mx,alimentos,QuickBooks · último registro/renovación FDA 2024-10-03 · FDA Renewal | Registro de Establecimiento FDA
Víctor  Murillo,Aleria Oportunidad para Mexico S.A. de C.V.,contraloria@aleria.co,alimentos,QuickBooks · último registro/renovación FDA 2024-10-03 · FDA Renewal
JOSE JUAN  ZACARIAS TORRES,JOSE JUAN ZACARIAS TORRES,vallartashowme@hotmail.com,alimentos,QuickBooks · último registro/renovación FDA 2024-10-04 · FDA Renewal
Luciana  Nicholson,Luciana Nicholson,luciana@scpackingperu.com,alimentos,QuickBooks · último registro/renovación FDA 2024-10-07 · FDA Renewal
CRISTIAN  SANCHEZ,SERVICIOS CHERRY PRIME SPA,mcoloma@cfelp.cl,alimentos,QuickBooks · último registro/renovación FDA 2025-10-03 · FDA Renewal | Fda Renovation
Paula  Ulloa,Andes Service S.A,"pulloa@vpcom.com, abozzolo@vpcom.com",alimentos,QuickBooks · último registro/renovación FDA 2024-10-09 · FDA Renewal
Martín  Codilupi,La Agricola S.A.,mcodilupi@familiazuccardi.com,alimentos,QuickBooks · último registro/renovación FDA 2025-09-16 · FDA Renewal | Registro de Establecimiento FDA
Alma Ivon Montelogo,"Zavocado Frutas Finas, S.A. de C.V.",inocuidad@zavocado.com,alimentos,QuickBooks · último registro/renovación FDA 2025-11-26 · FDA Renewal | Registro de Establecimiento FDA
Salah  Barbary,SUPERMARCHES FRANCE,servicecommercial@agrofrance.fr,alimentos,QuickBooks · último registro/renovación FDA 2024-10-11 · FDA Renewal
Zayda  Oliva,EXPOL S DE R.L DE C.V,g.exportaciones@expol.hn,alimentos,QuickBooks · último registro/renovación FDA 2024-10-14 · FDA Renewal
Frederic Agniel  Agniel,HM Services PTY,"hmservices.pty@gmail.com, mx@fastfwdus.com",alimentos,QuickBooks · último registro/renovación FDA 2024-10-15 · FDA Renewal
,"Nordic Direct, Inc.","alexia.gonzalez@nordicdirect.com, mx@fastfwdus.com",alimentos,QuickBooks · último registro/renovación FDA 2025-10-28 · FDA Renewal
Ruben  Gutierrez,HACIENDA DORADA LLC,rubemord01@gmail.com,alimentos,QuickBooks · último registro/renovación FDA 2026-02-23 · FDA Renewal | Registro Productos ante FDA
Ricardo  Flores,Frigorífico de Osorno S.A.,rflores@frigosorno.cl,alimentos,QuickBooks · último registro/renovación FDA 2024-10-18 · FDA Renewal
Julieta  Küster,Iceberg Agricola SA,info@icebergagricola.com,alimentos,QuickBooks · último registro/renovación FDA 2025-11-03 · FDA Renewal
,FUXION BIOTECH USA CORP,agarcia@fuxion.net,alimentos,QuickBooks · último registro/renovación FDA 2024-10-28 · FDA Renewal
JOSE  UGARELLI,JOSE UGARELLI,joseugarelli@yahoo.com,alimentos,QuickBooks · último registro/renovación FDA 2024-10-30 · FDA Renewal
Leandro  Logarzo,BLB Frozen Distribution LLC,leandro.logarzo.arg@gmail.com,alimentos,QuickBooks · último registro/renovación FDA 2024-11-01 · FDA Renewal | Registro de Establecimiento FDA
Emanuel Labarrios  Labarrios,ZonaOrganikum S.a. de C.V.,info@zonaorganikum.com,alimentos,QuickBooks · último registro/renovación FDA 2024-11-04 · FDA Renewal | Registro de Establecimiento FDA
,AAA COSMETICA S.A. DE C.V.,"ppichardo@aaatec.com.mx, ealarcon@aaacosmetica.com.mx, mx@fastfwdus.com",cosméticos,QuickBooks · último registro/renovación FDA 2025-10-09 · FDA Renewal | MoCRA Product Registration | Registro de Establecimiento FDA
,"Laboratorios Best, S.A.","creyes@laboratoriosbest.com.mx, mx@fastfwdus.com",alimentos,QuickBooks · último registro/renovación FDA 2025-09-30 · FDA Renewal | Registro de Establecimiento FDA
Pamela  Franco,AMK FARMA S.A de C.V,"pfranco@amedik.com.mx, mx@fastfwdus.com",alimentos,QuickBooks · último registro/renovación FDA 2025-12-02 · FDA Renewal | Registro de Establecimiento FDA
HORACIO FABIAN ORTIZ ORTIZ  HORACIO FABIAN ORTIZ ORTIZ,Gaucho Store Market,contactofha@gmail.com,alimentos,QuickBooks · último registro/renovación FDA 2024-11-14 · FDA Renewal
eva  cabrera leon,eva cabrera leon,oaxacomer.mexico@gmail.com,alimentos,QuickBooks · último registro/renovación FDA 2024-11-19 · FDA Renewal | Registro de Establecimiento FDA
,AVOGRAND SA DE CV,"ms@avogrand.mx, mx@fastfwdus.com",alimentos,QuickBooks · último registro/renovación FDA 2025-12-17 · FDA Renewal | Registro de Establecimiento FDA
Juan Carlos  Correa,Juan Carlos Correa,"juan.correa@t3.com.mx, mx@fastfwdus.com",alimentos,QuickBooks · último registro/renovación FDA 2024-11-21 · FDA Renewal | Registro de Establecimiento FDA
EDIXON  GONZALEZ,PICOLINOS Limited Liability Corporation,edixon@picolinosllc.com,alimentos,QuickBooks · último registro/renovación FDA 2024-11-21 · FDA Renewal
,RICOMAIZ SA de CV,"gerencia.ricomaiz@gmail.com, mx@fastfwdus.com",alimentos,QuickBooks · último registro/renovación FDA 2025-11-10 · FDA Renewal | Registro de Establecimiento FDA
Monica  Pedemonte,Palato S. De R.L.,monicapedemonte@palatochocolate.com,alimentos,QuickBooks · último registro/renovación FDA 2025-01-09 · FDA Renewal | Registro de Establecimiento FDA
,SUAVE Y FACIL SA DE CV,"daniela_peregrino@cvdirecto.mx, mx@fastfwdus.com",cosméticos,QuickBooks · último registro/renovación FDA 2025-10-10 · FDA Renewal | MoCRA Label Submission | MoCRA Product Registration | Registro de Establecimiento Cosmetico MoCRA
,ADRIAN SALZAR ALVAREZ,"salazar.adrian@mebupa.com, mx@fastfwdus.com",alimentos,QuickBooks · último registro/renovación FDA 2024-11-29 · FDA Renewal | Registro de Establecimiento FDA
María Eugenia  Romero,Instituto Sucesores Alfredo Villar SA,meromero@laboratoriovillar.com,alimentos,QuickBooks · último registro/renovación FDA 2024-11-29 · FDA Renewal
José  Zarate,SUPERALIMENTOS Y PRODUCTOS FITNESS SA de CV,"marketplacekardagar@gmail.com, mx@fastfwdus.com",alimentos,QuickBooks · último registro/renovación FDA 2024-11-27 · FDA Renewal | Registro de Establecimiento FDA
,COMERCIALIZADORA HERENCIA DE DON TACHO SA DE CV,"mezcaldontacho@gmail.com, mx@fastfwdus.com",alimentos,QuickBooks · último registro/renovación FDA 2025-12-15 · FDA Renewal
,SKN Imagen y Belleza S.A. de C.V.,"srojas@skn.mx, arojas@skn.mx, mx@fastfwdus.com",cosméticos,QuickBooks · último registro/renovación FDA 2025-09-01 · FDA Renewal | MoCRA Product Registration | Registro de Establecimiento Cosmetico MoCRA
Gustavo  Rios,Botanas Parios SA de cv,riosrg@yahoo.com.mx,alimentos,QuickBooks · último registro/renovación FDA 2024-12-09 · FDA Renewal
,OPERADORA Y DISTRIBUIDORA DE PRODUCTOS NATURISTAS SA DE CV,"acuevas@smn.com.mx, lmiranda@smn.com.mx, mx@fastfwdus.com",alimentos,QuickBooks · último registro/renovación FDA 2025-10-24 · FDA Renewal | Registro de Establecimiento FDA
,Sweets and Fruits Company,"ag.roldan@dulcorp.com, mx@fastfwdus.com",alimentos,QuickBooks · último registro/renovación FDA 2025-10-24 · FDA Renewal | Registro de Establecimiento FDA
Guillermo  Flores,Cosmeticos Naturales Ideal S.A,"guflores1@gmail.com, mx@fastfwdus.com",alimentos,QuickBooks · último registro/renovación FDA 2025-08-23 · FDA Renewal | Registro de Establecimiento FDA
,Wong Products S. A. de C. V.,"david.wong@caffegardello.com, carlos.wong@caffegardello.com, mx@fastfwdus.com",alimentos,QuickBooks · último registro/renovación FDA 2025-12-10 · FDA Renewal | Registro de Establecimiento FDA
Mariano  Gómez,Mood Labs SAPI de CV,mariano@moods.mx,alimentos,QuickBooks · último registro/renovación FDA 2024-12-05 · FDA Renewal | Registro de Establecimiento FDA
,Motivatom S. de R.L. de C.V.,"admin@motivatom.com, mx@fastfwdus.com",alimentos,QuickBooks · último registro/renovación FDA 2024-12-05 · FDA Renewal
Mario  Spindel,Ilumina Alimentos S.A de C.V.,p.iluminafoods@gmail.com,alimentos,QuickBooks · último registro/renovación FDA 2024-12-05 · FDA Renewal
Daniel  Cuellar,Daniel Cuellar,"midermastore@gmail.com, dnlcuellar@icloud.com, mx@fastfwdus.com",cosméticos,QuickBooks · último registro/renovación FDA 2025-10-21 · FDA Renewal | MoCRA Product Registration | Registro de Establecimiento Cosmetico MoCRA
,Healthy Habit corp,"andres@nsb.com.mx, mx@fastfwdus.com",alimentos,QuickBooks · último registro/renovación FDA 2025-12-05 · FDA Renewal
,GFICO SAPI DE CV,"carranza.mca@gmail.com, cesarcarranza@mac.com, mx@fastfwdus.com",alimentos,QuickBooks · último registro/renovación FDA 2025-10-27 · FDA Renewal | Registro de Establecimiento FDA
Cristopher  Cabada Juarez,CHRISTOPHER CABADA JUAREZ,"herradura.cs@hotmail.com, mx@fastfwdus.com",alimentos,QuickBooks · último registro/renovación FDA 2024-12-10 · FDA Renewal | Registro de Establecimiento FDA
Octavio  Minetti,Energy Group LLC,octaviominetti@me.com,alimentos,QuickBooks · último registro/renovación FDA 2024-12-06 · FDA Renewal | Registro de Establecimiento FDA
,PROMARSE SRL de CV Calle,"sergio.gomezgarcia@hotmail.com, mx@fastfwdus.com",alimentos,QuickBooks · último registro/renovación FDA 2025-12-04 · FDA Renewal | Registro de Establecimiento FDA
,"PIEPSA, S.A. DE C.V.","chiner@venimosapasarlabien.com, humanimo.piepsa@gmail.com, mx@fastfwdus.com",alimentos,QuickBooks · último registro/renovación FDA 2024-12-17 · FDA Renewal | Registro de Establecimiento FDA
NIRDIA SAMARA  PERE PEÑA,SAMS INTERNACIONAL S.A.S,samsinternacional@gmail.com,alimentos,QuickBooks · último registro/renovación FDA 2024-12-09 · FDA Renewal | Registro de Establecimiento FDA
Ing. Juan Alberto Cheng Zapata,AGROHIDRO E.I.R.L,agrohidro@gmail.com,alimentos,QuickBooks · último registro/renovación FDA 2024-12-09 · FDA Renewal
,NEONATURAL SA DE CV,"direccion@neonatural.com.mx, mx@fastfwdus.com",alimentos,QuickBooks · último registro/renovación FDA 2025-12-04 · FDA Renewal | Registro de Establecimiento FDA
,GOLD GREEN MARKETER CORP,"katerin.camachog@goldgreenmarket.com, mx@fastfwdus.com",alimentos,QuickBooks · último registro/renovación FDA 2025-12-03 · FDA Renewal | Registro de Establecimiento FDA
DALIA GUADALUPE  URIBE,SABORES MEXICANOS GOURMET S.A. DE C.V.,dalia@saboresmexicanos.mx,alimentos,QuickBooks · último registro/renovación FDA 2024-12-09 · FDA Renewal
,Procesadora alimenticia chilmex S.C. De R.L. De C.V.,"horfremex@gmail.com, mx@fastfwdus.com",alimentos,QuickBooks · último registro/renovación FDA 2024-12-18 · FDA Renewal
,"DACLAF, S.A. DE C.V.","auriza@daclaf.com, mx@fastfwdus.com",alimentos,QuickBooks · último registro/renovación FDA 2025-11-24 · FDA Renewal | Registro de Establecimiento FDA
,Incros SAS,"alan@icroes.com, mx@fastfwdus.com",alimentos,QuickBooks · último registro/renovación FDA 2024-12-13 · FDA Renewal
Ragny  Ruiz,Ragny Ruiz,rruiz@oriundoperu.com,alimentos,QuickBooks · último registro/renovación FDA 2024-12-16 · FDA Renewal
Doña Noly SRL,Doña Noly SRL,narrojo@noly.com.ar,alimentos,QuickBooks · último registro/renovación FDA 2024-12-16 · FDA Renewal
Manuel  Puga,Manuel Puga,mpuga@superfruit.cl,alimentos,QuickBooks · último registro/renovación FDA 2024-12-16 · FDA Renewal
Heidel  Bohorquez,Heidel Bohorquez,heidel.bohorquez@gmail.com,alimentos,QuickBooks · último registro/renovación FDA 2024-12-16 · FDA Renewal
Yuriko  Norabuena,Yuriko Norabuena,yuriko.norabuena@grupotial.com,alimentos,QuickBooks · último registro/renovación FDA 2024-12-17 · FDA Renewal
SERGIO  GOMEZ,"PROMARSE, S. DE R.L. DE C.V.",sergio.gomezgarcia@hotmail.com,alimentos,QuickBooks · último registro/renovación FDA 2024-12-17 · FDA Renewal
Santiago  van Cauwlaert,Productos Esenciales SRL,santiago.vancauwlaert@outlook.com,alimentos,QuickBooks · último registro/renovación FDA 2024-12-17 · FDA Renewal
,La Martina carne seca,,alimentos,QuickBooks · último registro/renovación FDA 2024-12-18 · FDA Renewal
CUMANA  SEAFOOD,CUMANA SEAFOOD,renewals@fastfwdus.com,alimentos,QuickBooks · último registro/renovación FDA 2026-03-27 · FDA Renewal | Registro Establecimiento FDA
,Happi Products Limited,"brenton.salick@happiproducts.com, mx@fastfwdus.com,  katiza.joseph@happiproducts.com",alimentos,QuickBooks · último registro/renovación FDA 2025-08-12 · FDA Renewal | Registro de Establecimiento FDA
L  Villasante,L Villasante,lvillasante@gruposantis.pe,alimentos,QuickBooks · último registro/renovación FDA 2024-12-27 · FDA Renewal
Fabiola Alejandra  Muñoz Santis,Daily Foods S.A,f.munoz@dailyfoods.cl,alimentos,QuickBooks · último registro/renovación FDA 2024-12-27 · FDA Renewal
Viviana Rosa  Salazar Garcia,Mayda Fish International SA,maydafishinternationalsa@gmail.com,alimentos,QuickBooks · último registro/renovación FDA 2024-12-30 · FDA Renewal
GELIEL  PADIN,CORDILLERA FARMS LLC,orlandotruckingdispatch@gmail.com,alimentos,QuickBooks · último registro/renovación FDA 2024-12-30 · FDA Renewal
Virginia  Monforte,Conosur Foods Argentina S.A.,virginia@conosurfoods.com.ar,alimentos,QuickBooks · último registro/renovación FDA 2024-12-30 · FDA Renewal
,Greenergy S.A.,,alimentos,QuickBooks · último registro/renovación FDA 2025-01-31 · FDA Renewal
Ernesto  Gomez Martinez,Hnos. Gironés Asiain S.I,ernesto.gomez@salancestral.com,alimentos,QuickBooks · último registro/renovación FDA 2025-02-03 · FDA Renewal | Registro Establecimiento FDA | Registro de Establecimiento FDA
,Ana Gabriela Rocha Padilla,"arocha@grupocatanna.com, mx@fastfwdus.com",cosméticos,QuickBooks · último registro/renovación FDA 2025-12-08 · FDA Renewal | MoCRA Label Submission | MoCRA Product Registration | Register of Establishment Cosmetic MoCRA. | Registro de Establecimiento Cosmetico 
,Mobel Importacion lmtda,"maban.pablo@gmail.com, mx@fastfwdus.com",alimentos,QuickBooks · último registro/renovación FDA 2025-12-04 · FDA Renewal | Registro de Establecimiento FDA
Jose  Mercado,Bodega Brujerias Wine State SA,ar@fastfwdus.com,alimentos,QuickBooks · último registro/renovación FDA 2025-01-09 · FDA Renewal
,"Comercial MW, S.A.",crc@genfoods.co,alimentos,QuickBooks · último registro/renovación FDA 2025-01-10 · FDA Renewal
Florencia,Florencia,,alimentos,QuickBooks · último registro/renovación FDA 2025-01-10 · FDA Renewal
Alix Yojana  Ardila Muñoz,Caribbean Sunrise Laboratorios M&F Chemical´s S.A.S,dtecnica@caribbeansunrise.co,cosméticos,QuickBooks · último registro/renovación FDA 2025-01-15 · FDA Renewal | MoCRA Product Registration | Registro de Establecimiento Cosmetico MoCRA
PABLO ANDRES CANTO GUTIERERZ  CANTO GUTIERREZ,COMERCIALIZADORA DE PRODUCTOS Y SERVICIOS PENINSULARES SA DE CV,pablo.canto@alipa.com.mx,alimentos,QuickBooks · último registro/renovación FDA 2025-01-16 · FDA Renewal | Registro de Establecimiento FDA
,EBISU LLC,"jeronimodorantes@aduanaljd.com, mx@fastfwdus.com",alimentos,QuickBooks · último registro/renovación FDA 2025-10-09 · FDA Renewal | Registro de Establecimiento FDA
,AGENCIA DE ADUANAS JD SA DE CV,"adrianafabela@aduanaljd.com, jeronimodorantes@aduanaljd.com, mx@fastfwdus.com",alimentos,QuickBooks · último registro/renovación FDA 2025-01-17 · FDA Renewal | Registro de Establecimiento FDA
Braian  Scalera Cis,MARCELO CUETO SA,administracion@breviss.com.ar,alimentos,QuickBooks · último registro/renovación FDA 2025-01-23 · FDA Renewal
MARCO ANTONIO  MONTERO,GLUTEN Y ALMIDONES INDUSTRIALES SA DE CV,direccion@gluten.com.mx,alimentos,QuickBooks · último registro/renovación FDA 2025-01-23 · FDA Renewal
Edgar  Arce,Edgar Arce,"mx@fastfwdus.com, josefina.corona@austinkombucha.com, edgar.arce@austinproducts.com.mx",alimentos,QuickBooks · último registro/renovación FDA 2025-12-02 · FDA Renewal | Registro de Establecimiento FDA
Gustavo Jose Miguel  Mauad,MAUAD SRL,asistentegerencial@mauad.net,alimentos,QuickBooks · último registro/renovación FDA 2025-02-03 · FDA Renewal
Flavio  Villegas,SPECIAL NUTRITION GROUP SA DE CV,"desarrollo@sngmexico.com, mx@fastfwdus.com",alimentos,QuickBooks · último registro/renovación FDA 2025-10-27 · FDA Renewal | Registro de Establecimiento FDA
,Erisea SA,lbarja@promarineantioxidants.com,alimentos,QuickBooks · último registro/renovación FDA 2025-07-28 · FDA Renewal | Registro de Establecimiento FDA
,Orencio Hoyo S.L.,"calidad@orenciohoyo.com, mx@fastfwdus.com",alimentos,QuickBooks · último registro/renovación FDA 2025-09-12 · FDA Renewal | Registro de Establecimiento FDA
Pablo  Palmiro,Pablo Palmiro,pablopalmiro@laestacada.com,alimentos,QuickBooks · último registro/renovación FDA 2025-09-22 · FDA Renewal | Registro de Establecimiento FDA
,CATANNA TRADE SA DE CV,"arocha@grupocatanna.com, mx@fastfwdus.com",cosméticos,QuickBooks · último registro/renovación FDA 2026-03-20 · FDA Renewal | Registro de Establecimiento Cosmetico MoCRA | Registro de Establecimiento FDA
Hacienda Zorita Farm Foods LLC,Hacienda Zorita Farm Foods LLC,,alimentos,QuickBooks · último registro/renovación FDA 2025-10-08 · FDA Renewal
,Botanas Parios,"riosrg@yahoo.com.mx, mx@fastfwdus.com",alimentos,QuickBooks · último registro/renovación FDA 2025-10-09 · FDA Renewal | Registro de Establecimiento FDA
,Bona Pharma SA de CV,"miguelarroyo@bonapharma.com, mx@fastfwdus.com",alimentos,QuickBooks · último registro/renovación FDA 2025-10-10 · FDA Renewal | Registro de Establecimiento FDA
VICTOR MANUEL  QUINTERO HERNANDEZ,CULTURA DE BICHOS SAPI DE CV,"gingerbirra@gmail.com, mx@fastfwdus.com",alimentos,QuickBooks · último registro/renovación FDA 2025-10-17 · FDA Renewal | Registro de Establecimiento FDA
,Kaizen global trade LLC,"pablo.caruso@kaizenglobaltrade.com, info@kaizenglobaltrade.com, mx@fastfwdus.com",alimentos,QuickBooks · último registro/renovación FDA 2025-10-20 · FDA Renewal | Registro de Establecimiento FDA
,Langley Export,"info@langleyexport.com, mx@fastfwdus.com",alimentos,QuickBooks · último registro/renovación FDA 2025-10-21 · FDA Renewal | Registro de Establecimiento FDA
,Pedro Segura S.L.,"lf.iribarne@gruposeguraruiz.com, mx@fastfwdus.com",alimentos,QuickBooks · último registro/renovación FDA 2025-10-23 · FDA Renewal | Registro de Establecimiento FDA
,ANDREA GUADALUPE ESPINOZA CASTAÑEDA,"andiiesc@gmail.com, mx@fastfwdus.com",alimentos,QuickBooks · último registro/renovación FDA 2025-10-24 · FDA Renewal | Registro de Establecimiento FDA
Tomas  Paulin Quezada,Productos Organicos del Volcan,tomas.paulin@del-volcan.com,alimentos,QuickBooks · último registro/renovación FDA 2025-10-27 · FDA Renewal
Ernesto  Gomez Martinez,Manantial Salado SL,ernesto.gomez@salancestral.com,alimentos,QuickBooks · último registro/renovación FDA 2025-10-29 · FDA Renewal
RENZO PATRICIO  CUBA,FRESH DEVELOPMENTS S.A.C.,pcuba@agrodevelop.pe,alimentos,QuickBooks · último registro/renovación FDA 2025-11-10 · FDA Renewal
Helena  S.A.C.,Helena S.A.C.,,alimentos,QuickBooks · último registro/renovación FDA 2025-11-11 · FDA Renewal
Humberto  Olivera,Perupez S.A.C.,,alimentos,QuickBooks · último registro/renovación FDA 2025-11-13 · FDA Renewal
Nicolas Romeo,COPAHUE LABORATORIES LLC,nicolas@cremascaviahue.com,cosméticos,QuickBooks · último registro/renovación FDA 2026-01-22 · FDA Renewal | MoCRA Product Registration
,COMERCIALIZADORA BXT S DE RL DE CV,"administracion@cbxt.mx, mx@fastfwdus.com",alimentos,QuickBooks · último registro/renovación FDA 2025-11-18 · FDA Renewal | Registro de Establecimiento FDA
,CYNTHIA LIZBETH VELASCO RAMIREZ,"velasco.ramirez27@gmail.com, mx@fastfwdus.com",alimentos,QuickBooks · último registro/renovación FDA 2025-11-20 · FDA Renewal | Registro de Establecimiento FDA
,SABORES MEXICANOS GOURMET SA DE CV,"dalia@saboresmexicanos.mx, mx@fastfwdus.com",alimentos,QuickBooks · último registro/renovación FDA 2025-11-20 · FDA Renewal | Registro de Establecimiento FDA
Sarelly USA LLC,Sarelly USA LLC,,cosméticos,QuickBooks · último registro/renovación FDA 2025-11-24 · FDA Renewal | MoCRA Product Registration
alonso,Alonso Gonzalez Quintero,"gq.care@gmail.com, mx@fastfwdus.com",cosméticos,QuickBooks · último registro/renovación FDA 2025-12-01 · FDA Renewal | MoCRA Product Registration
,Productora y comercializadora SPHENARIUM SA de CV,"enrique.irigoyen@salchita.com, mx@fastfwdus.com",alimentos,QuickBooks · último registro/renovación FDA 2025-12-02 · FDA Renewal | Registro de Establecimiento FDA
,EXPLORADORES DE CAFE SA DE CV,"antonio@grupoexploradores.com, mx@fastfwdus.com",alimentos,QuickBooks · último registro/renovación FDA 2025-12-02 · FDA Renewal | Registro de Establecimiento FDA
,Cacao Cerro La Vieja,"samuel.valdes@gmail.com, mx@fastfwdus.com",alimentos,QuickBooks · último registro/renovación FDA 2025-12-02 · FDA Renewal | Registro de Establecimiento FDA
,MAQUILASSER KENITO SRL de CV,"direccion@maquilasser.com.mx, mx@fastfwdus.com",alimentos,QuickBooks · último registro/renovación FDA 2025-12-03 · FDA Renewal | Registro de Establecimiento FDA
"GLUTEN Y ALMIDONES INDUSTRIALES, S.A. de C.V.","GLUTEN Y ALMIDONES INDUSTRIALES, S.A. de C.V.",direccion@gluten.com.mx,alimentos,QuickBooks · último registro/renovación FDA 2025-12-03 · FDA Renewal
,CAMINO DE CABRAS S.A.U,"info@caminodecabras.com, mx@fastfwdus.com",alimentos,QuickBooks · último registro/renovación FDA 2025-12-04 · FDA Renewal | Registro de Establecimiento FDA
,JULIAN LUIS SAN JUAN,"mezcalsinquererqueriendo@hotmail.com, mx@fastfwdus.com",alimentos,QuickBooks · último registro/renovación FDA 2025-12-05 · FDA Renewal
Family Beans SAS,Family Beans SAS,,alimentos,QuickBooks · último registro/renovación FDA 2026-02-25 · FDA Renewal | Registro de Establecimiento FDA
,Jose Alfonso Felix Ortega,"lamartinacs@gmail.com, ivansanchez18@hotmail.com, mx@fastfwdus.com",alimentos,QuickBooks · último registro/renovación FDA 2025-12-16 · FDA Renewal | Registro de Establecimiento FDA
,Atunes y Enlatados del Caribe S.A.S,,alimentos,QuickBooks · último registro/renovación FDA 2025-12-19 · FDA Renewal
,Tropi fresh Colombia SAS,,alimentos,QuickBooks · último registro/renovación FDA 2025-12-30 · FDA Renewal
Agro Sense  SAS,Agro Sense SAS,sergio.serna@swr.world,alimentos,QuickBooks · último registro/renovación FDA 2025-12-30 · FDA Renewal
YANETT  LEON,G&L FOODS SAC,gylfoodsac@gmail.com,alimentos,QuickBooks · último registro/renovación FDA 2026-01-07 · FDA Renewal | Registro de Establecimiento FDA
walter gregory  Alessi Arterio,"CUMANA SEAFOOD, C.A.",seafoodcumana@gmail.com,alimentos,QuickBooks · último registro/renovación FDA 2026-01-08 · FDA Renewal
WALTER  ALESSI,"TUNA SEAFOOD PREMIUM QUALITY, C.A.",tunaseafoodpq@gmail.com,alimentos,QuickBooks · último registro/renovación FDA 2026-01-08 · FDA Renewal
,Sumitomo Corporation de Mexico SA de CV,"alejandro.bernal@sumitomocorp.com, mx@fastfwdus.com",alimentos,QuickBooks · último registro/renovación FDA 2026-01-13 · FDA Renewal | Registro de Establecimiento FDA
María Elisa  Idrovo,Nutricionplus S.A.S,maria.idrovo@nutricion-plus.com,alimentos,QuickBooks · último registro/renovación FDA 2026-01-23 · FDA Renewal | Registro de Establecimiento FDA
,Produachiras SAS,produachiras@gmail.com,alimentos,QuickBooks · último registro/renovación FDA 2026-03-05 · Fda Renovation
,Dai 3,guastelladaiana@yahoo.com.ar,alimentos,"QuickBooks · último registro/renovación FDA 2023-01-06 · FOOD AND BEVERAGE, FDA Establishment Registration)"
TATIANA JACQUELINE  PACHECO COTES,INVERSIONES AJÁ HUEVÓN SAS,ventas@ajahuevon.co,alimentos,"QuickBooks · último registro/renovación FDA 2025-03-31 · FOOD AND BEVERAGE, FDA Establishment Registration)"
Ilan  Sitt,White carrot,ilan@sherpaconsultancy.com,cosméticos,QuickBooks · último registro/renovación FDA 2024-03-11 · FDA Product Registration | MoCRA Label Submission | Registro de Establecimiento Cosmetico MoCRA
Adrián  Meurinne,Iniciativas de Alto Nivel SACV,ameurinne@gmail.com,cosméticos,QuickBooks · último registro/renovación FDA 2024-06-24 · MoCRA Label Submission | Registro de Establecimiento Cosmetico MoCRA
,TEIA COSMETICOS SA DE CV,,cosméticos,QuickBooks · último registro/renovación FDA 2024-03-12 · MoCRA Product Registration | Registro de Establecimiento FDA
WILLIAM  GÓMEZ BETANCUR,QUOR COMPANY S.A.S.,pricing6@tradingsol.com,cosméticos,QuickBooks · último registro/renovación FDA 2025-07-10 · MoCRA Product Registration | Registro de Establecimiento Cosmetico MoCRA
,X GLOW COSMETICS LLC,"joseirojot@gmail.com, mx@fastfwdus.com",cosméticos,QuickBooks · último registro/renovación FDA 2024-04-26 · MoCRA Product Registration | Registro de Establecimiento Cosmetico MoCRA
Jose Vladimir Peña Faña,Grupo Faña SRL,josevladimirpenafana@hotmail.com,cosméticos,QuickBooks · último registro/renovación FDA 2024-07-11 · MoCRA Product Registration | Registro de Establecimiento FDA
ADRIÁN  MEURINNE,INICIATIVAS DE ALTO NIVEL SA DE CV,ameurinne@gmail.com,cosméticos,QuickBooks · último registro/renovación FDA 2024-08-08 · MoCRA Product Registration
,Laboratorios Bel Lab SRL,comex@bel-lab.com.ar,cosméticos,QuickBooks · último registro/renovación FDA 2024-08-27 · MoCRA Product Registration | Registro de Establecimiento Cosmetico MoCRA
,Gabri & Ela Group Inc,operations@btpintl.com,cosméticos,QuickBooks · último registro/renovación FDA 2024-09-09 · MoCRA Product Registration | Registro de Establecimiento Cosmetico MoCRA
,Sofia Serrato Lozano,"eserrato59@gmail.com, mx@fastfwdus.com",cosméticos,QuickBooks · último registro/renovación FDA 2024-11-01 · MoCRA Product Registration | Registro de Establecimiento FDA
Luis Montemayor  Montemayor,CASA LORELEI S.A DE C.V.,am@mxmetal.com,cosméticos,QuickBooks · último registro/renovación FDA 2024-11-22 · MoCRA Product Registration | Registro de Establecimiento Cosmetico MoCRA
Camila  Morales,Santai Essentials LLC,info@santaiessentials.com,cosméticos,QuickBooks · último registro/renovación FDA 2024-11-22 · MoCRA Product Registration | Registro Productos ante FDA | Registro de Establecimiento FDA
REMI  MARTINI,THE CHAMELEONIC FAMILY,ivonne@sarellysarelly.com,cosméticos,QuickBooks · último registro/renovación FDA 2024-12-17 · MoCRA Product Registration
Rodrigo Edwards,Rodrigo Edwards,rodrigo.edwards@ea.cl,cosméticos,QuickBooks · último registro/renovación FDA 2025-01-09 · MoCRA Product Registration | Registro de Establecimiento Cosmetico MoCRA
Damaris  Tellez,Damaris Tellez,damaris.kanao@juyumexico.com,cosméticos,QuickBooks · último registro/renovación FDA 2025-12-10 · MoCRA Product Registration | Registro de Establecimiento Cosmetico MoCRA | Registro de Establecimiento FDA
Hoon Jung  Chan,Beyond Beauty Wellness LLC,catalinajung72@gmail.com,cosméticos,QuickBooks · último registro/renovación FDA 2025-06-23 · MoCRA Product Registration | Registro de Establecimiento FDA
Stephania  Amezcua,LIVE CELLS MÉXICO SA DE CV,stephania.livecells@gmail.com,cosméticos,QuickBooks · último registro/renovación FDA 2025-02-13 · MoCRA Product Registration | Registro de Establecimiento Cosmetico MoCRA
José Eduardo  Hernandez Reyes,Rey Blanco Professional,reyblancopr@gmail.com,cosméticos,QuickBooks · último registro/renovación FDA 2025-04-22 · MoCRA Product Registration | Registro de Establecimiento FDA
Veronica  Flores,Sarelly Sarelly,veronica@sarellysarelly.com,cosméticos,QuickBooks · último registro/renovación FDA 2025-10-06 · MoCRA Product Registration
,QUALITY LIFE CORP SA DE CV,"gerardo@natshop.com, mx@fastfwdus.com",cosméticos,QuickBooks · último registro/renovación FDA 2025-06-02 · MoCRA Product Registration | Registro de Establecimiento Cosmetico MoCRA
LUIS EDGAR MORENO PRADA  MORENO PRADA,LABORATORIOS PHARMOR SAS,gerencia@pronabell.net,cosméticos,QuickBooks · último registro/renovación FDA 2025-06-06 · MoCRA Product Registration | Registro de Establecimiento FDA
Manuela  Ruiz Ramos,Helti S.A.S,manuela.ruiz@helti.com.co,cosméticos,QuickBooks · último registro/renovación FDA 2025-11-25 · MoCRA Product Registration | Registro de Establecimiento FDA
Camila  López,"VIBRA BY CAMIL LÓPEZ, LLC",vibrausa@gmail.com,cosméticos,QuickBooks · último registro/renovación FDA 2025-08-04 · MoCRA Product Registration | Registro de Establecimiento FDA
,BLASTRID S.A.S.,"hola@bycarolinaromo.com, mx@fastfwdus.com",cosméticos,QuickBooks · último registro/renovación FDA 2025-08-06 · MoCRA Product Registration | Registro de Establecimiento FDA
Eduardo  Betancourt,VASCUCARE SAS,servicioalcliente@castanea.mx,cosméticos,QuickBooks · último registro/renovación FDA 2025-09-04 · MoCRA Product Registration | Register of Establishment Cosmetic MoCRA
Helen Badra  Badra,Helen Badra Esthetic Center LLC,helenbadra7@gmail.com,cosméticos,QuickBooks · último registro/renovación FDA 2025-09-15 · MoCRA Product Registration | Registro de Establecimiento FDA
Francesca  Lodi,Francesca Lodi,trade@iacc-miami.com,cosméticos,QuickBooks · último registro/renovación FDA 2025-10-23 · MoCRA Product Registration | Register of Establishment Cosmetic MoCRA
Adrián Caliva,Adrian Marcelo Caliva,contacto@luminoliss.com,cosméticos,QuickBooks · último registro/renovación FDA 2025-11-25 · MoCRA Product Registration | Registro de Establecimiento FDA
,GERSON GAMAL SUEDAN AGUILAR,"gersonswedan@gmail.com, mx@fastfwdus.com",cosméticos,QuickBooks · último registro/renovación FDA 2026-02-18 · MoCRA Product Registration | Registro de Establecimiento Cosmetico MoCRA
,YECTIA BIOTECHNOLOGY SA DE CV,"yectiabiotecnology@gmail.com, mx@fastfwdus.com",cosméticos,QuickBooks · último registro/renovación FDA 2026-02-03 · Register of Establishment Cosmetic MoCRA
,Kombucha Kombustible,kombustiblemx@gmail.com,alimentos,QuickBooks · último registro/renovación FDA 2023-03-06 · Registro de Establecimiento FDA
Jose Roberto  Caceres Linares,Jose Roberto Caceres Linares,asistente.direccion.sxo@outlook.com,alimentos,QuickBooks · último registro/renovación FDA 2023-03-10 · Registro de Establecimiento FDA
Gustavo  Villa,Gustavo Villa,villa@aloegenera.com,alimentos,QuickBooks · último registro/renovación FDA 2023-10-19 · FDA Product Registration | Registro de Establecimiento FDA
,ONFOCUS INTERNATIONAL SAPI de CV,administracion@intecmed.com,alimentos,QuickBooks · último registro/renovación FDA 2023-12-01 · Registro de Establecimiento FDA
JAVIER  DE VICENTE,THE BASTARDS SPA,jcdevicente@theoldbastard.com,alimentos,QuickBooks · último registro/renovación FDA 2024-03-11 · Registro de Establecimiento FDA
,Rafael Martinez,carlinbisio88@gmail.com,alimentos,QuickBooks · último registro/renovación FDA 2024-06-04 · Registro de Establecimiento FDA
,ALPHA CARE LIMITED SA DE CV,"auxadmon@alphacare.mx, mx@fastfwdus.com",alimentos,QuickBooks · último registro/renovación FDA 2024-10-30 · Registro de Establecimiento FDA
Alejandro  Cabrera,Inversiones avícola Santa Elena,alejandrocabrera1125@gmail.com,alimentos,QuickBooks · último registro/renovación FDA 2025-02-27 · Registro de Establecimiento FDA
Oscar  ALMECIGA JUNCA,INCUBADORA SANTANDER S A,oscar.almeciga@kikes.com.co,alimentos,QuickBooks · último registro/renovación FDA 2025-03-18 · Registro de Establecimiento FDA
Gabriela  Perez,P&F Moving LLC,gabriela@prpackersorlando.com,alimentos,QuickBooks · último registro/renovación FDA 2025-04-30 · Registro de Establecimiento FDA
Elizabeth  Hernández Escalante,Happyfeed,liz@happyfeed.mx,alimentos,QuickBooks · último registro/renovación FDA 2025-06-03 · Registro de Establecimiento FDA
Juan José Espinosa Giraldo,GMN,comercio.exterior@gmn.com.co,alimentos,QuickBooks · último registro/renovación FDA 2025-11-19 · Registro de Establecimiento FDA
Luis Fernando Heinert Cordovez,SAILOR CAT SEAFOOD S.A.,lfheinertc@gmail.com,alimentos,QuickBooks · último registro/renovación FDA 2025-12-03 · Registro de Establecimiento FDA
JYC COMPANY EXPORT S.A.C,JYC COMPANY EXPORT S.A.C,,alimentos,QuickBooks · último registro/renovación FDA 2025-12-23 · Registro de Establecimiento FDA
Fudmatter  S.A,Fudmatter S.A,claudiagandara@fudmatter.com,alimentos,QuickBooks · último registro/renovación FDA 2026-01-07 · Registro de Establecimiento FDA
,Alimafra C.A,,alimentos,QuickBooks · último registro/renovación FDA 2026-03-05 · Registro de Establecimiento FDA
,AGROINDUSTRIAS NOCHE SAC,,alimentos,QuickBooks · último registro/renovación FDA 2026-03-11 · Registro de Establecimiento FDA
,True senses LLC,,alimentos,QuickBooks · último registro/renovación FDA 2026-03-18 · Registro de Establecimiento FDA
Esther  Gonzalez,Esther Gonzalez,esther.gonzalez@grimann.com.mx,alimentos,QuickBooks · último registro/renovación FDA 2023-01-31 · Registro Productos ante FDA
Gloria  Osuna,Gloria Osuna,glorialafarga02@gmail.com,alimentos,QuickBooks · último registro/renovación FDA 2023-10-26 · FDA Product Registration | Registro de Establecimiento FDA
Maximo  Piran,LEROL LOGISTIC LLC,maximopiran94@gmail.com,alimentos,QuickBooks · último registro/renovación FDA 2024-02-08 · FDA Product Registration
Rene Rolando  Romero,BioLisin,rene.rolando.romero2@gmail.com,alimentos,QuickBooks · último registro/renovación FDA 2024-10-29 · FDA Product Registration
Marcela  Sotelo,Marcela Sotelo,marcela.sotelo@gdcbeautygroup.us,alimentos,QuickBooks · último registro/renovación FDA 2024-11-05 · FDA Product Registration
Jose Esteban GALARZA AÑAZCO,Jose Esteban GALARZA AÑAZCO,calidad@mascorona.com,alimentos,QuickBooks · último registro/renovación FDA 2023-01-11 · Registro de Establecimiento FDA
Jesus  Garate,Osega LLC,macarendonhinterholzer@gmail.com,alimentos,QuickBooks · último registro/renovación FDA 2023-01-26 · Registro de Establecimiento FDA
Haifa  Khamis,Haifa Khamis,hkhamis@mazal.ec,alimentos,QuickBooks · último registro/renovación FDA 2023-02-03 · Registro de Establecimiento FDA
Lorena  Erlijman,Lorena Erlijman,info@chiloft.com,alimentos,QuickBooks · último registro/renovación FDA 2023-02-08 · Registro de Establecimiento FDA
Marianelly  Campos Ramos,Campos Ramos Lifestyle,marianellycamposramos@gmail.com,alimentos,QuickBooks · último registro/renovación FDA 2023-03-02 · Registro de Establecimiento FDA
Diego  Canavati,Diego Canavati,diego@mntnbites.com,alimentos,QuickBooks · último registro/renovación FDA 2023-03-03 · Registro de Establecimiento FDA
Sergio  Aguilera,Sergio Aguilera,"sergio@draiz.mx, juancarlosanba@gmail.com",alimentos,QuickBooks · último registro/renovación FDA 2023-03-06 · Registro de Establecimiento FDA
,Bl,vanessa@weareboomup.com,alimentos,QuickBooks · último registro/renovación FDA 2023-03-14 · Registro de Establecimiento FDA
Yailing,Yailing,may_yay.my@hotmail.com,alimentos,QuickBooks · último registro/renovación FDA 2023-03-21 · Registro de Establecimiento FDA
Isaac,Grupo Valois Gourmet SA de CV,valois_07@outlook.com,alimentos,QuickBooks · último registro/renovación FDA 2023-03-29 · Registro de Establecimiento FDA
Fabian  Rivera,Grupo emerge RC SA de CV,contacto@emerge.mx,alimentos,QuickBooks · último registro/renovación FDA 2023-04-05 · Registro de Establecimiento FDA
Andres  Varas,Andres Varas,avarascg@gmail.com,alimentos,QuickBooks · último registro/renovación FDA 2023-04-17 · Registro de Establecimiento FDA
jose hernan  mercado,brujerias wine estate sa,josehernanmercado@yahoo.com.ar,alimentos,QuickBooks · último registro/renovación FDA 2023-04-18 · Registro de Establecimiento FDA
Alejandra  Garcia,DELICHAPU,elsabordemisraicespue@gmail.com,alimentos,QuickBooks · último registro/renovación FDA 2023-04-25 · Registro de Establecimiento FDA
Maximiliano  Uranga,Eternal Provider LLC,maxiuranga5@gmail.com,alimentos,QuickBooks · último registro/renovación FDA 2023-11-01 · Registro de Establecimiento FDA
Alexander  Kotesky,Mercato Foods,alexander.kotesky@gmail.com,alimentos,QuickBooks · último registro/renovación FDA 2023-05-15 · Registro de Establecimiento FDA
Abraham  Rodriguez Cortes,Operadora Nacional Rodor SA de CV,direccion@habanerisima.com,alimentos,QuickBooks · último registro/renovación FDA 2023-05-22 · Registro de Establecimiento FDA
Juan Carlos  Barbosa López,SCULPSOCIETY SA DE CV,hola@fsb.fitness,alimentos,QuickBooks · último registro/renovación FDA 2023-05-29 · Registro de Establecimiento FDA
Juan  Rivera,El Canasto Grill,juancarlosriveratrujillo@gmail.com,alimentos,QuickBooks · último registro/renovación FDA 2023-06-08 · Registro de Establecimiento FDA
Francisca  Felix,Francisca Felix,francica_01@hotmail.com,alimentos,QuickBooks · último registro/renovación FDA 2023-06-08 · Registro de Establecimiento FDA
,DR FOOD US,manager@drfoodus.com,alimentos,QuickBooks · último registro/renovación FDA 2023-06-09 · Registro de Establecimiento FDA
Jenniffer mercedes  Rodriguez Minier,zoella hair,jr.asociado@gmail.com,alimentos,QuickBooks · último registro/renovación FDA 2023-07-19 · Registro de Establecimiento FDA
Olga  Pellegrini,Olga Pellegrini,oepp2006@yahoo.com.mx,alimentos,QuickBooks · último registro/renovación FDA 2023-06-12 · Registro de Establecimiento FDA
Gabriel  Flores,PROMGB SAS de CV,gabo.flores3@gmail.com,alimentos,QuickBooks · último registro/renovación FDA 2023-06-12 · Registro de Establecimiento FDA
,Daily Foods,f.munoz@dailyfoods.cl,alimentos,QuickBooks · último registro/renovación FDA 2023-06-13 · Registro de Establecimiento FDA
María Cristina  Reyes Huesca,"Laboratorios Best,S.A.",creyes@laboratoriosbest.com.mx,alimentos,QuickBooks · último registro/renovación FDA 2023-06-14 · Registro de Establecimiento FDA
Gabriel  Sarasqueta,Gabriel Sarasqueta,otsixties.sarasqueta@gmail.com,alimentos,QuickBooks · último registro/renovación FDA 2023-06-14 · Registro de Establecimiento FDA
Yanina  Francolino,Yanina Francolino,"yanina81@hotmail.com, yanina.francolino@clinicalyem.com",alimentos,QuickBooks · último registro/renovación FDA 2023-06-28 · Registro de Establecimiento FDA
Luis  Vazquez,Luis Vazquez,compras@ionx.mx,alimentos,QuickBooks · último registro/renovación FDA 2023-07-26 · Registro de Establecimiento FDA
Isabel  De Biasi,Laboratorio Homeopático Vihom Ca,isabeldb26@gmail.com,alimentos,QuickBooks · último registro/renovación FDA 2023-07-05 · Registro de Establecimiento FDA
,Farmapiel,,alimentos,QuickBooks · último registro/renovación FDA 2023-07-17 · Registro de Establecimiento FDA
Rolando  Romero,Rolando Romero,rene.rolando.romero2@gmail.com,alimentos,QuickBooks · último registro/renovación FDA 2023-07-31 · Registro de Establecimiento FDA
Carolina  Diaz Encinas,CAROFITNESS,hola@carofitness.com,alimentos,QuickBooks · último registro/renovación FDA 2023-08-01 · Registro de Establecimiento FDA
juan Miguel  sainz,THE FRAGRANCE GROUP SRL,jms@senigalia.com,alimentos,QuickBooks · último registro/renovación FDA 2023-08-04 · Registro de Establecimiento FDA
Francisco Martínez  MARTINEZ,ENALIA S.A.S,fmartinez@enalia.com.co,alimentos,QuickBooks · último registro/renovación FDA 2023-08-06 · Registro de Establecimiento FDA
Joaquin  osman,Almalibre Açai SL,ventas@almalibreacaihouse.com,alimentos,QuickBooks · último registro/renovación FDA 2023-08-18 · Registro de Establecimiento FDA
,Daniel Super Human,"daniel@shuman.mx, mx@fastfwdus.com",alimentos,QuickBooks · último registro/renovación FDA 2023-08-21 · Registro de Establecimiento FDA
Cesar  Millan,Cesar Millan,en4macorp@gmail.com,alimentos,QuickBooks · último registro/renovación FDA 2023-08-28 · Registro de Establecimiento FDA
Jaime  Gomez,Jaime Gomez,megomexsa@gmail.com,alimentos,QuickBooks · último registro/renovación FDA 2023-08-28 · Registro de Establecimiento FDA
Felix antonio  Ibañez hernandez,Ibanez&cadena legalservices,felixibanezlegalservices75@gmail.com,alimentos,QuickBooks · último registro/renovación FDA 2023-08-29 · Registro de Establecimiento FDA
Erika  Hernandez Rivera,Erika Hernandez Rivera,erikahr.88@gmail.com,alimentos,QuickBooks · último registro/renovación FDA 2023-08-31 · Registro de Establecimiento FDA
,Panificadora La Alteña SA de CV,info@fastfwdus.com,alimentos,QuickBooks · último registro/renovación FDA 2023-09-05 · Registro de Establecimiento FDA
YULY ANDREA  CASTAÑO RENDON,YULY ANDREA CASTAÑO RENDON,"gerenciageneral@verdeex.com, finanzas@verdeex.com",alimentos,QuickBooks · último registro/renovación FDA 2023-09-07 · Registro de Establecimiento FDA
,MK PHARMA PRODUTOS PARA LABORATOìRIOS LTD,"l.gustavo@embalpharma.com.br,glauermann@gmail.com, info@vallescollc.com",alimentos,QuickBooks · último registro/renovación FDA 2023-09-13 · Registro de Establecimiento FDA
Miguel  Salvador,Miguel Salvador,ms@avogrand.mx,alimentos,QuickBooks · último registro/renovación FDA 2023-09-14 · Registro de Establecimiento FDA
Daniela Garcia Mateos,Daniela Garcia Mateos,daniela@smartbites.mx,alimentos,QuickBooks · último registro/renovación FDA 2023-09-25 · Registro de Establecimiento FDA
Pablo  Perez de Alejo,Be Joie,cpaheat1@aol.com,alimentos,QuickBooks · último registro/renovación FDA 2023-10-02 · Registro de Establecimiento FDA
Verónica  Pacho,Farmacias de Similares,vpacho@icsolbrands.com,alimentos,QuickBooks · último registro/renovación FDA 2023-10-16 · Registro de Establecimiento FDA
Gabriela  Melo,Gabriela Melo,,alimentos,QuickBooks · último registro/renovación FDA 2023-10-17 · Registro de Establecimiento FDA
Pablo  Rey,Pablo Rey,pablorey@foodbrainers.com,alimentos,QuickBooks · último registro/renovación FDA 2023-10-19 · Registro de Establecimiento FDA
Mario  Suro,Mario Suro,msuro@gantano.com,alimentos,QuickBooks · último registro/renovación FDA 2023-10-24 · Registro de Establecimiento FDA
Claudia Patricia  Martínez,Vanilla Xanat,calahmapa69@gmail.com,alimentos,QuickBooks · último registro/renovación FDA 2023-10-27 · Registro de Establecimiento FDA
Erick  Norberto,Casa Herencia Don Tacho,"enorberto@jfcmex.com, mx@fastfwdus.com",alimentos,QuickBooks · último registro/renovación FDA 2023-11-08 · Registro de Establecimiento FDA
Carla  Sosa,INKA GOLD FARMS S.A.C.,csosa@igf.farm,alimentos,QuickBooks · último registro/renovación FDA 2023-11-15 · Registro de Establecimiento FDA
COLOMBIAN  DELIGHT,COLOMBIAN DELIGHT SAS,delightcolombian@gmail.com,alimentos,QuickBooks · último registro/renovación FDA 2023-11-17 · Registro de Establecimiento FDA
Inaki Cue,ILUMINA ALIMENTOS SA DE CV,inaki@iluminaalimentos.com,alimentos,QuickBooks · último registro/renovación FDA 2023-11-29 · Registro de Establecimiento FDA
Nicole  Polasek,"Bisonte International, LLC",nicolepolasek@gmail.com,alimentos,QuickBooks · último registro/renovación FDA 2023-12-01 · Registro de Establecimiento FDA
Alejandra Landeros,Motivatom SA de CV,ealanderos@cbxt.mx,alimentos,QuickBooks · último registro/renovación FDA 2023-12-04 · Registro de Establecimiento FDA
CYNDI  DELFIN,CYNDI DELFIN,comercial01@fisholg.com,alimentos,QuickBooks · último registro/renovación FDA 2023-12-04 · Registro de Establecimiento FDA
Jose Alberto Rodriguez Montaño,Jose Alberto Rodriguez Montaño,"jose.rodriguez@cecinaelyaqui.com, mx@fastfwdus.com",alimentos,QuickBooks · último registro/renovación FDA 2023-12-11 · Registro de Establecimiento FDA
Carlos  Gomez,Inversiones Libre Comercio SAS,"carlosgomez@ilc-oil.com, mx@fastfwdus.com",alimentos,QuickBooks · último registro/renovación FDA 2023-12-27 · Registro de Establecimiento FDA
,LJUS LLC,hello@ljus.club,alimentos,QuickBooks · último registro/renovación FDA 2024-01-02 · Registro de Establecimiento FDA
Eduardo Petrini,Eduardo Petrini,"casapetrinioficina@gmail.com, epetrini@casapetrini.com",alimentos,QuickBooks · último registro/renovación FDA 2024-01-04 · Registro de Establecimiento FDA
Diego  Gómez Luego,Praga SRL,sofia@pragaalimentos.com,alimentos,QuickBooks · último registro/renovación FDA 2024-01-11 · Registro de Establecimiento FDA
Jorgelina  Bembhy,Devakilife@gmail.com,devakilife@gmail.com,alimentos,QuickBooks · último registro/renovación FDA 2024-01-12 · Registro de Establecimiento FDA
Mayra  Bravo,Abitu,"mayra@abitu.mx, mx@fastfwdus.com",alimentos,QuickBooks · último registro/renovación FDA 2024-02-07 · Registro de Establecimiento FDA
Jorge  Castañeda Hernandez,Jorge Castañeda Hernandez,jorge.cast.hdz@gmail.com,alimentos,QuickBooks · último registro/renovación FDA 2024-01-19 · Registro de Establecimiento FDA
Carlos Gutierrez,TDC Preferente,tdcpreferente@gmail.com,alimentos,QuickBooks · último registro/renovación FDA 2024-01-29 · Registro de Establecimiento FDA
,NORDIC DIRECT IMPORTS S.A. DE C.V.,mx@fastfwdus.com,alimentos,QuickBooks · último registro/renovación FDA 2024-02-13 · Registro de Establecimiento FDA
VICTOR SALVADOR  HERNANDEZ SERMEÑO,"HACIENDA DORADA, S.A. DE C.V.",vicsalhdz.cafe@gmail.com,alimentos,QuickBooks · último registro/renovación FDA 2024-02-12 · Registro de Establecimiento FDA
CARLOS RODRIGUEZ  RODRIGUEZ,BOE COSMETICS USA CORP,carlosr@boecosmetics.com,alimentos,QuickBooks · último registro/renovación FDA 2024-02-14 · Registro de Establecimiento FDA
Jose Luis Angarita Gomez,Jose Luis Angarita Gomez,joseluisgomez06@hotmail.com,alimentos,QuickBooks · último registro/renovación FDA 2024-02-14 · Registro de Establecimiento FDA
Luis  Poveda Ivars,Luis Poveda Ivars,luispovedaivars@hotmail.com,alimentos,QuickBooks · último registro/renovación FDA 2024-02-14 · Registro de Establecimiento FDA
Juan J Preve Martinez,Juan J Preve Martinez,jjpreve@extrusa.com.mx,alimentos,QuickBooks · último registro/renovación FDA 2024-02-15 · Registro de Establecimiento FDA
Sebastian  Terrazas Baeza,ORE PROCESADORA DE OREGANO SILVESTRE S. DE R. L. MI.,ore_aceitedeoregano@hotmail.com,alimentos,QuickBooks · último registro/renovación FDA 2024-02-23 · Registro de Establecimiento FDA
ALEXANDER  SEBASCO MORALES,MAYDA FISH INTERNATIONAL SA LLC,alexandersebascom@gmail.com,alimentos,QuickBooks · último registro/renovación FDA 2024-03-07 · Registro de Establecimiento FDA
Marcelo  Hamui,SUPERHERO PRODUCTS LLC,marcelo@vorgsupershake.com,alimentos,QuickBooks · último registro/renovación FDA 2024-03-18 · Registro de Establecimiento FDA
Tomas  Paulin,Tomas Paulin,sales@colimaprocessors.com,alimentos,QuickBooks · último registro/renovación FDA 2024-03-21 · Registro de Establecimiento FDA
Luis  Avila,Luis Avila,"luis@masterybrandmx.com, ricardodavidvalles@gmail.com",alimentos,QuickBooks · último registro/renovación FDA 2024-03-23 · Registro de Establecimiento FDA
GELIEL  PADIN,GELIEL PADIN,orlandotruckingdispatch@gmail.com,alimentos,QuickBooks · último registro/renovación FDA 2024-03-25 · Registro de Establecimiento FDA
Andres  Amazon,Andres Amazon,,alimentos,QuickBooks · último registro/renovación FDA 2024-04-01 · Registro de Establecimiento FDA
,Glow Superfoods,glow.superfoods7@gmail.com,alimentos,QuickBooks · último registro/renovación FDA 2024-04-04 · Registro de Establecimiento FDA
Cerveza Ortuzar  Nuñell,DSDO SRL,ventas@cervezaortuzar.com.ar,alimentos,QuickBooks · último registro/renovación FDA 2024-04-08 · Registro de Establecimiento FDA
Juan Sebastian Sanchez Garcia,Juan Sebastian Sanchez Garcia,sebastian.sanchez85@outlook.com,alimentos,QuickBooks · último registro/renovación FDA 2024-04-22 · Registro de Establecimiento FDA
DILDROME SA  DILDROME SA,DILDROME SA,dunkler@macgroupweb.com,alimentos,QuickBooks · último registro/renovación FDA 2024-05-02 · Registro de Establecimiento FDA
ITALO FRANCISCO D AMBROSIO  D AMBROSIO,FUNCIONAL FOODS S.A.S.,i_dambrosio@franks.com.ar,alimentos,QuickBooks · último registro/renovación FDA 2024-05-14 · Registro de Establecimiento FDA
Antonio  García González,GRUPO MICELIO MAGICO S.A. DE C.V.,contacto@nomuk.com.mx,alimentos,QuickBooks · último registro/renovación FDA 2024-05-28 · Registro de Establecimiento FDA
,Dilici Ltda.,"ignacio.aliste@dilici.cl, mx@fastfwdus.com",alimentos,QuickBooks · último registro/renovación FDA 2024-05-30 · Registro de Establecimiento FDA
,Prao Spa,"fabian@anden.cl, mx@fastfwdus.com",alimentos,QuickBooks · último registro/renovación FDA 2024-06-10 · Registro de Establecimiento FDA
Nicolas  Elowson,Nicolas Elowson,nicolaselowson@hotmail.com,alimentos,QuickBooks · último registro/renovación FDA 2024-06-18 · Registro de Establecimiento FDA
Rodrigo  Zamorano Mahaluf,Big Buzz Spa,rzamorano@bigbuzz.cl,alimentos,QuickBooks · último registro/renovación FDA 2024-06-23 · Registro de Establecimiento FDA
,Guanabanas y pulpas el paraíso  GYPP SAS,"cospinam@outlook.com, mx@fastfwdus.com",alimentos,QuickBooks · último registro/renovación FDA 2024-07-12 · Registro de Establecimiento FDA
,Trade Titans LLC,"agalvez@bpnpro.com, mx@fastfwdus.com",alimentos,QuickBooks · último registro/renovación FDA 2024-07-16 · Registro de Establecimiento FDA
,USA international Servis INC,"lodwigfer@gmail.com, mx@fastfwdus.com",alimentos,QuickBooks · último registro/renovación FDA 2024-07-19 · Registro de Establecimiento FDA
,SEIMA FAMILIA SAPI DE CV,"hola@seima.mx, mx@fastfwdus.com",alimentos,QuickBooks · último registro/renovación FDA 2024-07-24 · Registro de Establecimiento FDA
,Aceites de Colombia S.A.S.,"aceitesdecolombia@outlook.es, mx@fastfwdus.com",alimentos,QuickBooks · último registro/renovación FDA 2024-07-24 · Registro de Establecimiento FDA
,ROBERTO JAVIER CAMARA CANSINO,"javier.camara@hotmail.com, mx@fastfwdus.com",alimentos,QuickBooks · último registro/renovación FDA 2024-08-14 · Registro de Establecimiento FDA
Maximo  Piran,Viñedos Montegrande Limitada,maximo.piran@canafinewines.com,alimentos,QuickBooks · último registro/renovación FDA 2024-08-20 · Registro de Establecimiento FDA
Rodolfo  Berrio,Distribuciones Leal SAS,rofranbert.ca@gmail.com,alimentos,QuickBooks · último registro/renovación FDA 2024-08-23 · Registro de Establecimiento FDA
Laura Tobin  Tobin,TCG Innovations LLC,laura.tobin@tobinconsultinggroup.com,alimentos,QuickBooks · último registro/renovación FDA 2024-08-23 · Registro de Establecimiento FDA
,Rodrigo Diaz Kipper,"rodk0895@gmail.com, mx@fastfwdus.com",alimentos,QuickBooks · último registro/renovación FDA 2024-09-04 · Registro de Establecimiento FDA
Alejandro  Hernandez,Alejandro Hernandez,alexhernandez8142001@icloud.com,alimentos,QuickBooks · último registro/renovación FDA 2024-09-10 · Registro de Establecimiento FDA
,"PRODUCTOS ORGANICOS, ARTESANALES Y NATURALES BROTO SA de CV","rsaenz@broto.com.mx, mx@fastfwdus.com",alimentos,QuickBooks · último registro/renovación FDA 2024-10-02 · Registro de Establecimiento FDA
,RIVERAJLRS SA DE CV,"riverajart@gmail.com, mx@fastfwdus.com",alimentos,QuickBooks · último registro/renovación FDA 2024-10-15 · Registro de Establecimiento FDA
Italo  Martins,Italo Martins,italo@multifamilyempire.com,alimentos,QuickBooks · último registro/renovación FDA 2024-10-17 · Registro de Establecimiento FDA
,Gerardo Mendoza Ramos,"gerarbro01@gmail.com, mx@fastfwdus.com",alimentos,QuickBooks · último registro/renovación FDA 2024-10-28 · Registro de Establecimiento FDA
,BTNT SERVICE SA de CV,"nunez_karina@icloud.com, mx@fastfwdus.com",alimentos,QuickBooks · último registro/renovación FDA 2024-10-29 · Registro de Establecimiento FDA
AYELEN  CEBALLOS,SOUTH FRUITS CORP,ayelen.ceballos@hotmail.com,alimentos,QuickBooks · último registro/renovación FDA 2025-07-01 · Registro de Establecimiento FDA
,ROAL TARGET LIMITED SA DE CV,"service@imperiumga.com, mx@fastfwdus.com",alimentos,QuickBooks · último registro/renovación FDA 2024-11-25 · Registro de Establecimiento FDA
,Casa Alma de Oaxaca S de PR de RL de CV,"salazar.adrian@mebupa.com, mx@fastfwdus.com",alimentos,QuickBooks · último registro/renovación FDA 2024-11-26 · Registro de Establecimiento FDA
Efren  Coronel,CEFOODEXPORT S.A.S.,mariajosenavarroc@gmail.com,alimentos,QuickBooks · último registro/renovación FDA 2024-11-27 · Registro de Establecimiento FDA
Epifanio  Lopez,"Abastecedora de Productos Naturales, SA de CV",epifaniol@pronat.com.mx,alimentos,QuickBooks · último registro/renovación FDA 2024-12-04 · Registro de Establecimiento FDA
,KREVC IMPORTS INC,fridacantina@gmail.com,alimentos,QuickBooks · último registro/renovación FDA 2024-12-06 · Registro de Establecimiento FDA
,Ually Business LLC,"natalia.laverde@exportbrandllc.com, mx@fastfwdus.com",alimentos,QuickBooks · último registro/renovación FDA 2024-12-16 · Registro de Establecimiento FDA
,Cofre General Business LLC,"cofregeneralbusiness@gmail.com, mx@fastfwdus.com",alimentos,QuickBooks · último registro/renovación FDA 2024-12-19 · Registro de Establecimiento FDA
Cristina  Ramos,Callizo Aromas LLC,iramos@callizoaromas.com,alimentos,QuickBooks · último registro/renovación FDA 2025-01-22 · Registro de Establecimiento FDA
Sergio  Serna,Sergio Serna,sergio.serna@swr.world,alimentos,QuickBooks · último registro/renovación FDA 2025-01-29 · Registro de Establecimiento FDA
Maximiliano Alvarez  Alvarez,Alvarezrosatti llc,maxnahuel@gmail.com,alimentos,QuickBooks · último registro/renovación FDA 2025-02-11 · Registro de Establecimiento FDA
Juan  Mazo,Santa Sofía outsourcing SAS,juan.mazo@santasofiacol.co,alimentos,QuickBooks · último registro/renovación FDA 2025-02-11 · Registro de Establecimiento FDA
JUAN  MIRANDA,CellX LLC,hagen@cellxnutrition.com,alimentos,QuickBooks · último registro/renovación FDA 2025-03-20 · Registro de Establecimiento FDA
Zsofia  Ormandi,Mickey Enterprises Korlátolt Felelősségű Társaság,zsofia.ormandi@kaya.hu,alimentos,QuickBooks · último registro/renovación FDA 2025-02-26 · Registro de Establecimiento FDA
Luis  Murra,Eurekka Servicios de Mexico SA de CV,ljmurra84@gmail.com,alimentos,QuickBooks · último registro/renovación FDA 2025-03-05 · Registro de Establecimiento FDA
Alejandro  Flores,"Gatier, S.A. de C.V.",alejandrof_45@hotmail.com,alimentos,QuickBooks · último registro/renovación FDA 2025-11-12 · Registro de Establecimiento FDA
,DELICE D'LIZ - HUERTA ECOLOGICA,"zunigat.elizabeth@gmail.com, mx@fastfwdus.com",alimentos,QuickBooks · último registro/renovación FDA 2025-03-10 · Registro de Establecimiento FDA
Inversiones  camarco,Inversiones Camarco C.A,,alimentos,QuickBooks · último registro/renovación FDA 2025-03-12 · Registro de Establecimiento FDA
Karl  Heinz Heberle,PACIFIC SEA FOOD S A S,diroperaciones@pacific.com.co,alimentos,QuickBooks · último registro/renovación FDA 2025-03-18 · Registro de Establecimiento FDA
,TOBAR FOODS LLC,"juliantobar26@hotmail.com, mx@fastfwdus.com",alimentos,QuickBooks · último registro/renovación FDA 2025-03-20 · Registro de Establecimiento FDA
Rafael  Ayala,Ram Group Enterprises usa,rafael@ramgroupus.com,alimentos,QuickBooks · último registro/renovación FDA 2025-03-26 · Registro de Establecimiento FDA
Damian Sosa Arroyo  Sosa,BREDASA S.A de C.V,damian.25sosa@gmail.com,alimentos,QuickBooks · último registro/renovación FDA 2025-03-28 · Registro de Establecimiento FDA
Fernando Rosa  Rosa,Família Roeda Rosa Alimentos Ltda,info@mapaassessoria.com,alimentos,QuickBooks · último registro/renovación FDA 2025-04-15 · Registro de Establecimiento FDA
Benjamin  de Mayo,Sunnutrition SA,benjamin.nutrisol@gmail.com,alimentos,QuickBooks · último registro/renovación FDA 2025-04-16 · Registro de Establecimiento FDA
Juan Carlos  Olivero,Global Synergies Partners LLC,jo@globalsynergiespartners.com,alimentos,QuickBooks · último registro/renovación FDA 2025-04-24 · Registro de Establecimiento FDA
MARGARITA  CARMONA,ALZ NUTRIENTES S.A.,alejandrosavage@alz-agro.com.ar,alimentos,QuickBooks · último registro/renovación FDA 2025-04-29 · Registro de Establecimiento FDA
,MKLN SAPI de CV,"desarrollo@sngmexico.com, mx@fastfwdus.com",alimentos,QuickBooks · último registro/renovación FDA 2025-05-02 · Registro de Establecimiento FDA
Carlos  Lingán,Minoxidil Peru S.A.C.,info@youminox.com,alimentos,QuickBooks · último registro/renovación FDA 2025-05-06 · Registro de Establecimiento FDA
,Casa Mador,"contacto@casamador.com, mx@fastfwdus.com",alimentos,QuickBooks · último registro/renovación FDA 2025-05-20 · Registro de Establecimiento FDA
,CODORNIZ SAN FRANCISCO S de RLM,erikadaniela.monter@gmail.com,alimentos,QuickBooks · último registro/renovación FDA 2025-05-21 · Registro de Establecimiento FDA
Gustavo  Bergallo,Chammas SRL,gustavobergallo@chammas.com.ar,alimentos,QuickBooks · último registro/renovación FDA 2025-05-27 · Registro de Establecimiento FDA
Susana Berenice Pérez Salazar,Susana Berenice Pérez Salazar,ecommerce@lovycare.com.mx,alimentos,QuickBooks · último registro/renovación FDA 2025-07-28 · Registro de Establecimiento FDA
JOSE  PERALTA,MEZCLAS INDUSTRIALES DIVERSAS S.R.L.,jperalta@mindird.com,alimentos,QuickBooks · último registro/renovación FDA 2025-05-28 · Registro de Establecimiento FDA
,HABITOS NUTRICIONALES SAPI DE CV,"oliver.guzman@habitsproteins.com, mx@fastfwdus.com",alimentos,QuickBooks · último registro/renovación FDA 2026-03-25 · Registro Establecimiento FDA | Registro de Establecimiento FDA
Alex  Flores Tlamintzi,Alex Flores Tlamintzi,alex.13barza@gmail.com,alimentos,QuickBooks · último registro/renovación FDA 2025-06-11 · Registro de Establecimiento FDA
Oscar Ernesto  Garcia de los Rios,Consorcio Macrisney S.A.,oegarcia2210@gmail.com,alimentos,QuickBooks · último registro/renovación FDA 2025-06-13 · Registro de Establecimiento FDA
Edgar  Colman,Condado Portucalense - sociedade de vinhos Lda,jose.reis@condadoportucalense.com,alimentos,QuickBooks · último registro/renovación FDA 2025-06-16 · Registro de Establecimiento FDA
,HORTALI GROW SA DE CV,"everthcr@hortaligrow.com, juridico@hortaligrow.com, mx@fastfwdus.com",alimentos,QuickBooks · último registro/renovación FDA 2025-06-16 · Registro de Establecimiento FDA
,La casa del Patacon Inc,"paulagv1@hotmail.com, mx@fastfwdus.com",alimentos,QuickBooks · último registro/renovación FDA 2025-06-19 · Registro de Establecimiento FDA
Maryfer  Rosas,ERYPAK COMERCIALIZADORA Y SERVICIOS AL COMERCIO EXTERIOR,trafico1@erypak.com.mx,alimentos,QuickBooks · último registro/renovación FDA 2025-06-20 · Registro de Establecimiento FDA
Eugenia  Zamora,Productos Camacho,ventasenlinea@productoscamacho.com.mx,alimentos,QuickBooks · último registro/renovación FDA 2025-06-23 · Registro de Establecimiento FDA
ALEJANDRO  LOPEZ,PHUKET LLC,alopez@ufm.edu,alimentos,QuickBooks · último registro/renovación FDA 2025-06-24 · Registro de Establecimiento FDA
,CIA ADRILE LLC,"adrile@adrilesrl.com, mx@fastfwdus.com",alimentos,QuickBooks · último registro/renovación FDA 2025-06-27 · Registro de Establecimiento FDA
Koraima  DIAZ,Agroinversiones Jorampa SAC,inversionesjorampa@gmail.com,alimentos,QuickBooks · último registro/renovación FDA 2025-06-30 · Registro de Establecimiento FDA
OSCAR ALEJANDRO  JIMENEZ BARRERA,PHARMAZEN HEALTHCARE SAS,genesiscorpjaniman@gmail.com,alimentos,QuickBooks · último registro/renovación FDA 2025-07-07 · Registro de Establecimiento FDA
,SOCIEDAD INDUSTRIALIZADORA DE PRODUCTOS ALIMENTICIOS SRL,"pastasorali.lucia@gmail.com, mx@fastfwdus.com",alimentos,QuickBooks · último registro/renovación FDA 2025-07-08 · Registro de Establecimiento FDA
Agustina  Christensen,Natural Vegan S.A.S,shiva.calidad@gmail.com,alimentos,QuickBooks · último registro/renovación FDA 2025-07-30 · Registro de Establecimiento FDA
Emiliano  TOSUNIAN,GLOBAL TRADING SERVICES INTERNATIONAL LLC,etosunian@gmail.com,alimentos,QuickBooks · último registro/renovación FDA 2025-07-18 · Registro de Establecimiento FDA
Amanda  Hickson,Yoho Fine Water Inc.,ahickson@yohofinewater.com,alimentos,QuickBooks · último registro/renovación FDA 2025-07-18 · Registro de Establecimiento FDA
MATÍAS  KOUYOUMDZIAN,North-Gen USA LLC,mkouyoumdzian@gmail.com,alimentos,QuickBooks · último registro/renovación FDA 2025-07-18 · Registro de Establecimiento FDA
Luis Moisés  Medina,Procesadora de Pescado Araia CA,araiapesca@gmail.com,alimentos,QuickBooks · último registro/renovación FDA 2025-07-22 · Registro de Establecimiento FDA
Daiana Gisela  Regue,Daiana Gisela Regue,contactofha@gmail.com,alimentos,QuickBooks · último registro/renovación FDA 2025-07-23 · Registro de Establecimiento FDA
,Don Pon SA DE CV,"gerencia.finanzas@tortillasdonpon.mx, mx@fastfwdus.com, jefe.produccion@tortillasdonpon.mx",alimentos,QuickBooks · último registro/renovación FDA 2025-07-28 · Registro de Establecimiento FDA
,ENTERA PARALLEL MEXICO SA DE CV,"mx@fastfwdus.com, jcmendez@entera.mx",alimentos,QuickBooks · último registro/renovación FDA 2025-08-04 · Registro de Establecimiento FDA
Adolfo  Lopez Sanabria,Thank You Bees S.R.L,gury333@gmail.com,alimentos,QuickBooks · último registro/renovación FDA 2025-09-18 · Registro de Establecimiento FDA
Tobias  Weber,Mariajose Chavez Garcia,glow.superfoods7@gmail.com,alimentos,QuickBooks · último registro/renovación FDA 2025-08-21 · Registro de Establecimiento FDA
Alejandra Figueroa  Figueroa,FIGARRE CHOCOLATES,alejandrafig@gmail.com,alimentos,QuickBooks · último registro/renovación FDA 2025-08-22 · Registro de Establecimiento FDA
Lisbeth  Mora,EXPORTADORA MINDALA FOODS MINDALAFOODS SAS,mindalafoods.sas@hotmail.com,alimentos,QuickBooks · último registro/renovación FDA 2025-08-22 · Registro de Establecimiento FDA
André  Méndez,Trading pro,andree.mendez1994@gmail.com,alimentos,QuickBooks · último registro/renovación FDA 2025-08-26 · Registro de Establecimiento FDA
LILIANA  ZAMBRANO,INPROLAC S.A.,sig@inprolac.com.ec,alimentos,QuickBooks · último registro/renovación FDA 2025-09-02 · Registro de Establecimiento FDA
Fanny  Iturriaga,AGROINDUSTRIAL JAPI LIMITADA,fanny.iturriaga@agrojapi.cl,alimentos,QuickBooks · último registro/renovación FDA 2025-09-04 · Registro de Establecimiento FDA
,MAAR DESARROLLOS NUTRICIONAL SASES,"rojasnut@gmail.com, mx@fastfwdus.com",alimentos,QuickBooks · último registro/renovación FDA 2025-09-05 · Registro de Establecimiento FDA
,SUPRA TRADING SL,"supratrading.sl@gmail.com, mx@fastfwdus.com",alimentos,QuickBooks · último registro/renovación FDA 2025-09-08 · Registro de Establecimiento FDA
Mariela  Dimitrakis,ALLSEAS EXPORT-TRADE S.A.,mdimitrakis@allseasexport.com,alimentos,QuickBooks · último registro/renovación FDA 2025-09-10 · Registro de Establecimiento FDA
Sergio Leon,Uvite,sergioduvan.leon@gmail.com,alimentos,QuickBooks · último registro/renovación FDA 2025-09-11 · Registro de Establecimiento FDA
Said Hernández Tagle,Conservera de Piñas La Española S.A. de C.V.,saidhernandez@pinaslaespanola.mx,alimentos,QuickBooks · último registro/renovación FDA 2025-09-15 · Registro de Establecimiento FDA
KATERINE GANTIER,VITAL GOLD LLC,partners@goldvitallife.com,alimentos,QuickBooks · último registro/renovación FDA 2025-09-18 · Registro de Establecimiento FDA
,Rodrigo Solis Farias,"ricaseras@hotmail.com, mx@fastfwdus.com",alimentos,QuickBooks · último registro/renovación FDA 2025-09-19 · Registro de Establecimiento FDA
ALEXANDER SALAZAR,Transporte de pescado isla margarita Trapismar C.A,asalazar@trapismar.com.ve,alimentos,QuickBooks · último registro/renovación FDA 2025-09-24 · Registro de Establecimiento FDA
franco ansaldo,fas spa,franco@andesvalleys.com,alimentos,QuickBooks · último registro/renovación FDA 2025-09-25 · Registro de Establecimiento FDA
,Promaquila,"hola@hidratomic.com, mx@fastfwdus.com",alimentos,QuickBooks · último registro/renovación FDA 2025-09-25 · Registro de Establecimiento FDA
,UNIbrands Italia SRL,,alimentos,QuickBooks · último registro/renovación FDA 2025-09-29 · Registro de Establecimiento FDA
Edgar Colman,Condado Portucalense-Sociedade de Vinhos Lda,jose.reis@condadoportucalense.com,alimentos,QuickBooks · último registro/renovación FDA 2025-09-30 · Registro de Establecimiento FDA
Edwin Alberto Lizarazo Esteban,VSM GLOBAL SAS,info@vsmcolombia.com,alimentos,QuickBooks · último registro/renovación FDA 2025-10-08 · Registro de Establecimiento FDA
Roberto Mendoza,PRODUCTOS GER SA DE CV,robertomendoza846@gmail.com,alimentos,QuickBooks · último registro/renovación FDA 2025-10-01 · Registro de Establecimiento FDA
,WATER ZEOTECH S.A. DE C.V.,"cfgermanjr@gmail.com, mx@fastfwdus.com",alimentos,QuickBooks · último registro/renovación FDA 2025-10-02 · Registro de Establecimiento FDA
Sebastian Diaz,BARBALE AGROPECUARIA S.R.L,administracion@barbale.com,alimentos,QuickBooks · último registro/renovación FDA 2025-10-05 · Registro de Establecimiento FDA
Marcos Gonzalez,Frucol Foods Spa,brc@plantateno.cl,alimentos,QuickBooks · último registro/renovación FDA 2025-10-10 · Registro de Establecimiento FDA
Laura  Parra,De La Sierra Supplements LLC,delasierrasupplements@gmail.com,alimentos,QuickBooks · último registro/renovación FDA 2025-10-14 · Registro de Establecimiento FDA
,SEGURIDAD ALIMENTARIA DE OCCIDENTE S A S,"jebravo@quinoaclub.com, mx@fastfwdus.com",alimentos,QuickBooks · último registro/renovación FDA 2025-11-28 · Registro de Establecimiento FDA
Luis Armando Valenzuela,"Global Synergies Partners, LLC",lv@globalsynergiespartners.com,alimentos,QuickBooks · último registro/renovación FDA 2025-10-17 · Registro de Establecimiento FDA
,VINICOLA EL SECRETO S.P.R. DE R.L. DE C.V.,"alejandrina.gonzalez@vinicolaelsecreto.com, mx@fastfwdus.com",alimentos,QuickBooks · último registro/renovación FDA 2025-10-20 · Registro de Establecimiento FDA
,PRODUCTOS GOURMET REAL DEL MONTE SA DE CV,"yazminmmg@gmail.com, mx@fastfwdus.com",alimentos,QuickBooks · último registro/renovación FDA 2025-10-21 · Registro de Establecimiento FDA
,ALEJANDRO DANIEL POZOS ROBLEDO,"alejandro.pozos@skw.mx, mx@fastfwdus.com",alimentos,QuickBooks · último registro/renovación FDA 2025-10-27 · Registro de Establecimiento FDA
,TOSTADERIA AREVALO SA DE CV,"elrealcentenario@hotmail.com, mx@fastfwdus.com",alimentos,QuickBooks · último registro/renovación FDA 2025-10-27 · Registro de Establecimiento FDA
,MEZA SOLUCIONES SAS,"katerin.camachog@goldgreenmarket.com, sarelly.ortizg@goldgreenmarket.com, mx@fastfwdus.com",alimentos,QuickBooks · último registro/renovación FDA 2025-10-28 · Registro de Establecimiento FDA
Karla Montoya,ACBASA SA DE CV,karlamontoya186@gmail.com,alimentos,QuickBooks · último registro/renovación FDA 2025-11-06 · Registro de Establecimiento FDA
,Jose Melendez Perez,"mx@fastfwdus.com, jm1157658@gmail.com",alimentos,QuickBooks · último registro/renovación FDA 2025-11-07 · Registro de Establecimiento FDA
Catalina  Echeverry,Catalina Echeverry,salsasdelika@gmail.com,alimentos,QuickBooks · último registro/renovación FDA 2025-11-10 · Registro de Establecimiento FDA
Sergio Polo Navarro,Fartons Polo SL,export@fartonspolo.com,alimentos,QuickBooks · último registro/renovación FDA 2025-11-11 · Registro de Establecimiento FDA
efrain zulub chulin,COSTA Y MAR SEAFOODS SA DE CV,"efrain.zc@conpesmar.com.mx, jocelyn.zulub@conpesmar.com.mx ,  mx@fastfwdus.com",alimentos,QuickBooks · último registro/renovación FDA 2025-11-12 · Registro de Establecimiento FDA
,MYKA FROZEN YOGURT SL,brenda.collazos@mykagreek.com,alimentos,QuickBooks · último registro/renovación FDA 2025-11-18 · Registro de Establecimiento FDA
Alba María Monroy García,AVINSA SAS,alba.monroy@ramo.com.co,alimentos,QuickBooks · último registro/renovación FDA 2025-11-21 · Registro de Establecimiento FDA
Tomás Galván,Galtec Limitada,tomasgalvang@gmail.com,alimentos,QuickBooks · último registro/renovación FDA 2025-11-21 · Registro de Establecimiento FDA
,INDUSTRIA SUDAMERICANA DE ALIMENTOS E.I.R.L.,"luis@surtipac.com, mx@fastfwdus.com",alimentos,QuickBooks · último registro/renovación FDA 2025-12-01 · Registro de Establecimiento FDA
Pere Muxí,BLACETRUFFLES S.L.,blacetruffles@gmail.com,alimentos,QuickBooks · último registro/renovación FDA 2025-12-03 · Registro de Establecimiento FDA
BAYRON COLE,VIVEROS TROPICALES S.A.,bayronca@viverostropicales.com,alimentos,QuickBooks · último registro/renovación FDA 2025-12-04 · Registro de Establecimiento FDA
,EMPACADORA LA MERCED SA DE CV,"briza.quezada@la-merced.com, mx@fastfwdus.com",alimentos,QuickBooks · último registro/renovación FDA 2025-12-04 · Registro de Establecimiento FDA
,USER GIDA,,alimentos,QuickBooks · último registro/renovación FDA 2025-12-15 · Registro de Establecimiento FDA
Yoselin  Flores,Yoselin Flores,yflores.idecafez@gmail.com,alimentos,QuickBooks · último registro/renovación FDA 2026-01-06 · Registro de Establecimiento FDA
YARISHNA N AYALA OTERO,YARISHNA AYALA FITNESS LLC,,alimentos,QuickBooks · último registro/renovación FDA 2026-01-21 · Registro de Establecimiento FDA
,DON ZABOR MEXICO S.A. DE C.V.,"calidadasist@donzabor.mx, mx@fastfwdus.com",alimentos,QuickBooks · último registro/renovación FDA 2026-02-05 · Registro de Establecimiento FDA
,Horacio del Valle Hernandez,"delvallehoracio@gmail.com, mx@fastfwdus.com",alimentos,QuickBooks · último registro/renovación FDA 2026-03-26 · Registro de Establecimiento FDA
Javier Lopez  Perez,Javier Lopez Perez,xavier2125.jpl@gmail.com,alimentos,QuickBooks · último registro/renovación FDA 2026-03-27 · Registro Establecimiento FDA
SERPA  GROUP,SERPA GROUP,,alimentos,QuickBooks · último registro/renovación FDA 2025-09-04 · Registro Establecimiento FDA
Jessica,Jessica,jessica@asellera.com,alimentos,QuickBooks · último registro/renovación FDA 2026-03-31 · Registro Establecimiento FDA
Manager Daiana Guastella,Daichu,daianaguastella@gmail.com,alimentos,QuickBooks · último registro/renovación FDA 2026-04-05 · Registro Establecimiento FDA
Mauricio Lobaton,Mauricio Lobaton,mauriciolobaton@gmail.com,alimentos,QuickBooks · último registro/renovación FDA 2026-04-05 · Registro Establecimiento FDA
Eduardo  Quiroga,Eduardo Quiroga,eduardoquiroga@gmail.com,alimentos,QuickBooks · último registro/renovación FDA 2026-05-28 · Registro Establecimiento FDA
