nombre,empresa,telefono,email,pais,rubro,notas
RIATH TAHLEL HAJ GALICIA,RIATH TAHLEL HAJ GALICIA,+15534836554,direccion@agrabamx.com,,alimentos,QuickBooks · último registro/renovación FDA 2023-01-26 (primero 2023-01-26) · Registro de Establecimiento FDA
,Laboratorios Bontal S.A.S.,+13053242192,internacional@bontal.co,,alimentos,QuickBooks · último registro/renovación FDA 2023-02-14 (primero 2023-02-14) · Registro de Establecimiento FDA
,De la Sierra Liofilizados,+15532238661,rdlasierra@yahoo.com.mx,,alimentos,QuickBooks · último registro/renovación FDA 2023-02-20 (primero 2023-02-20) · Registro de Establecimiento FDA
,Greenergy SA,+5491150970817,mchidini@greenergy.com.ar,,alimentos,QuickBooks · último registro/renovación FDA 2023-03-17 (primero 2023-03-17) · Registro de Establecimiento FDA
,Nuevo Comercio Farmaceutico sa de cv,+524622483473,francisco.sanchez@nucofar.com,,alimentos,QuickBooks · último registro/renovación FDA 2023-03-20 (primero 2023-03-20) · Registro de Establecimiento FDA
,D`raiz SuperFoods SA de CV,+13314001624,"sergio@draiz.mx, mx@fastfwdus.com",,alimentos,"QuickBooks · último registro/renovación FDA 2023-03-21 (primero 2023-03-21) · FOOD AND BEVERAGE, FDA Establishment Registration) | Registro de Establecimiento FDA"
,Edgar Bezanilla Quintana,+16145460214,ebezanilla9@gmail.com,,alimentos,QuickBooks · último registro/renovación FDA 2023-03-24 (primero 2023-03-24) · Registro de Establecimiento FDA
,Fabrica Justo SAIC,+49189055,danielah@fjusto.com.ar,,alimentos,QuickBooks · último registro/renovación FDA 2023-08-03 (primero 2023-08-03) · FDA Renewal
,BIOCOLD TECHNOLOGIES S.A.S. BIC.,+576017631589,biocold.contable@gmail.com,,alimentos,QuickBooks · último registro/renovación FDA 2023-11-28 (primero 2023-03-15) · FDA Renewal | Registro Productos ante FDA | Registro de Establecimiento FDA
,Grupo Bio SAS,+5713104454990,grupobio@gmail.com,,alimentos,QuickBooks · último registro/renovación FDA 2023-12-27 (primero 2023-12-27) · FDA Renewal
William Hernan Parra Berrones,La casa del encebollado,+12393994113,wparra24@yahoo.es,,alimentos,QuickBooks · último registro/renovación FDA 2024-03-18 (primero 2024-03-18) · Cambio de Agente FDA
JORGE ROJAS,BELLA LAB SAS,+13043422957,auxcontable@renechardon.com,,cosméticos,QuickBooks · último registro/renovación FDA 2024-07-30 (primero 2024-07-30) · Registro de Establecimiento Cosmetico MoCRA
,LET Logistics International LLC,+13052194974,"info@letintl.com, mx@fastfwdus.com",,alimentos,QuickBooks · último registro/renovación FDA 2024-09-04 (primero 2024-09-04) · Registro de Establecimiento FDA
,Babasal,+542323487444,laboratorio3@babasal.com,,alimentos,QuickBooks · último registro/renovación FDA 2024-10-07 (primero 2024-10-07) · FDA Renewal
Roberto  Alcaraz,Roberto Alcaraz,+542614921154,calidadalcarazgourmet@gmail.com,,alimentos,QuickBooks · último registro/renovación FDA 2024-10-07 (primero 2024-10-07) · FDA Renewal
,Comercio Aquasolar,+56512406171,alfonso@aquasolar.cl,,alimentos,QuickBooks · último registro/renovación FDA 2024-10-08 (primero 2024-10-08) · FDA Renewal
,Fripack Service SpA,+56996392918,ppa@polcuraexport.com,,alimentos,QuickBooks · último registro/renovación FDA 2024-10-08 (primero 2024-10-08) · FDA Renewal
,"Mardegal, S.P.R. de R.L",+52555553309639,contabilidad@lacabrita.com.mx,,alimentos,QuickBooks · último registro/renovación FDA 2024-10-08 (primero 2024-10-08) · FDA Renewal
Julia  Moraes,Lackto,+14077295480,julia@lackto.com.br,,alimentos,QuickBooks · último registro/renovación FDA 2024-10-11 (primero 2024-10-10) · Registro de Establecimiento FDA
Alejandra  Bringas,"Terramar Brands, S. de R.L. de C.V.",+523319442683,abringas@terramarbrands.com,,alimentos,QuickBooks · último registro/renovación FDA 2024-10-20 (primero 2023-04-11) · FDA Product Registration | FDA Renewal | Registro de Establecimiento FDA
,Inversiones Rodriguez & Mejia,+50432025743,inrome2012@gmail.com,,alimentos,QuickBooks · último registro/renovación FDA 2024-10-21 (primero 2024-10-21) · FDA Renewal
,DoingGreen sas,+16017670887,leonardo.duran@gmail.com,,alimentos,QuickBooks · último registro/renovación FDA 2024-11-05 (primero 2023-10-06) · FDA Renewal
,Químicas Handal de Centroamérica S.A de C.V.,+50426178700,alejandra.lainez@quimicashandal.com,,alimentos,QuickBooks · último registro/renovación FDA 2024-11-05 (primero 2024-11-05) · FDA Renewal
,Cooperativa Agraria Cafetalera Valle Alto Ltda. Cooperative,+51926695259,marjorieparrillaavalos@gmail.com,,alimentos,QuickBooks · último registro/renovación FDA 2024-11-05 (primero 2024-11-05) · FDA Renewal
,SNACKVILLE S.A.S.,+593999510843,hkhamis@mazal.ec,,alimentos,QuickBooks · último registro/renovación FDA 2024-11-22 (primero 2024-11-22) · FDA Renewal
,Merca LP International S.A.S.,+573147325679,gerencia@mercalp.com,,alimentos,QuickBooks · último registro/renovación FDA 2024-11-29 (primero 2024-11-29) · FDA Renewal
,American Citrus Ingredients LLC,+16179090740,salesteam@acitrusingredients.com,,alimentos,QuickBooks · último registro/renovación FDA 2024-11-29 (primero 2024-11-29) · FDA Renewal
,MEGA FRUITS,+593992979720,megafruitsecuador@gmail.com,,alimentos,QuickBooks · último registro/renovación FDA 2024-12-02 (primero 2024-12-02) · FDA Renewal
,CAVIAHUE,+5491154121000,charly@cremascaviahue.com,,alimentos,QuickBooks · último registro/renovación FDA 2024-12-04 (primero 2024-12-04) · FDA Renewal
,United Ocean's,+51978997630,marlonechezapata@gmail.com,,alimentos,QuickBooks · último registro/renovación FDA 2024-12-09 (primero 2024-12-09) · FDA Renewal
,Bahia Comercial B&C SRL,+100017328585,lbeltre@ronveleiro.com,,alimentos,QuickBooks · último registro/renovación FDA 2024-12-10 (primero 2024-12-10) · FDA Renewal
,"Encore Inc., S.A.P.I. de C.V.",+527282878163,javier.lazos@cafegila.com,,alimentos,QuickBooks · último registro/renovación FDA 2024-12-10 (primero 2024-12-10) · FDA Renewal
,AGROPESQUERA INDUSTRIAL BAHIA CUPICA LTDA,+573160268793,gerencia@infinitasas.com,,alimentos,QuickBooks · último registro/renovación FDA 2024-12-10 (primero 2024-12-10) · FDA Renewal
,FIT & SWEET HOLDING LLC,+17542729871,victoria@fitandsweetusa.com,,alimentos,QuickBooks · último registro/renovación FDA 2024-12-12 (primero 2023-06-12) · FDA Renewal
,Nutricion y Suplementos del Bajio,+524422911543,andres@nsb.com.mx,,alimentos,QuickBooks · último registro/renovación FDA 2024-12-17 (primero 2024-12-17) · FDA Renewal
Jaime  Tacher,Cosmeticos ISI SA de CV,+5215559895392,"jaimetacher@hotmail.com, mx@fastfwdus.com",,alimentos,QuickBooks · último registro/renovación FDA 2024-12-19 (primero 2023-06-28) · FDA Renewal | Registro de Establecimiento FDA
,Honey Pharma SAS,+15557006764,adrianvidal@honeyland.mx,,alimentos,QuickBooks · último registro/renovación FDA 2024-12-19 (primero 2024-12-19) · FDA Renewal
,"Ortuno Castellon, Bryan Jossue",+50588377415415,crc@genfoods.co,,alimentos,QuickBooks · último registro/renovación FDA 2024-12-23 (primero 2024-12-23) · FDA Renewal
,Monyer SA de CV,+5215561341454,pablorey@foodbrainers.com,,alimentos,QuickBooks · último registro/renovación FDA 2024-12-23 (primero 2024-12-23) · FDA Renewal
,Asociacion de Productores Agropecuarios de los Molinos de Cajanleque,+51947924276,apamcgerencia@gmail.com,,alimentos,QuickBooks · último registro/renovación FDA 2024-12-26 (primero 2024-12-26) · FDA Renewal
,VISION AND HEALTH LAB SAS,+577866047696,visionysaludgerencia@gmail.com,,alimentos,QuickBooks · último registro/renovación FDA 2024-12-27 (primero 2024-12-27) · FDA Renewal
,Casa Destreza,+525518147809,i.carbajal@mezcaldestreza.mx,,alimentos,QuickBooks · último registro/renovación FDA 2024-12-27 (primero 2024-12-27) · FDA Renewal
,RED AND BLUE BERRIES LTDA,+56994378779,contacto@redandblueberries.cl,,alimentos,QuickBooks · último registro/renovación FDA 2024-12-27 (primero 2024-12-27) · FDA Renewal
,Frutos y Especias S.A.C.,+51944610527,dfigueroa@gruposantis.pe,,alimentos,QuickBooks · último registro/renovación FDA 2024-12-31 (primero 2024-12-31) · FDA Renewal
,GRUPO XOKOBEL SA DE CV,+15587517259,camilo_guiza@xocobel.com,,alimentos,QuickBooks · último registro/renovación FDA 2024-12-31 (primero 2024-12-31) · FDA Renewal
,ALIMENTOS NOLY SA,+541147599999,comex@noly.com.a,,alimentos,QuickBooks · último registro/renovación FDA 2025-01-06 (primero 2025-01-06) · FDA Renewal
,Monica Baldeon,+593987005896,latenutagourmet@gmail.com,,alimentos,QuickBooks · último registro/renovación FDA 2025-01-07 (primero 2025-01-07) · FDA Renewal
,Distribuidora Dona Elena S.A.,+5743256600,sabadia@santaelena.com.co,,alimentos,QuickBooks · último registro/renovación FDA 2025-01-07 (primero 2025-01-07) · FDA Renewal | Fda Renovation
,Monica Fabara,+593987005896,latenutagourmet@gmail.com,,alimentos,QuickBooks · último registro/renovación FDA 2025-01-09 (primero 2025-01-07) · FDA Renewal
,NUTRIMENTOS INTELIGENTES SA DE CV,+13343485953,claudia.lomeli@nefropolis.com,,alimentos,QuickBooks · último registro/renovación FDA 2025-01-22 (primero 2024-11-21) · FDA Renewal
Ariana  Dell Aquila,Ariana Dell Aquila,+17869789783,arianadellaquila@gmail.com,,alimentos,QuickBooks · último registro/renovación FDA 2025-01-22 (primero 2025-01-22) · Registro de Establecimiento FDA
,Gelden Cosmeticos,+523339526225,luis.cabrera@geldencosmeticos.com,,cosméticos,QuickBooks · último registro/renovación FDA 2025-01-30 (primero 2025-01-30) · MoCRA Product Registration | Registro de Establecimiento FDA
Wellington Food SA,Wellington Food SA,+5491152267875,gm@smams.net,,alimentos,QuickBooks · último registro/renovación FDA 2025-02-24 (primero 2025-02-24) · Fda Renovation
,Clermon,+12638815603,info@mongarsboutique.com,,cosméticos,QuickBooks · último registro/renovación FDA 2025-03-31 (primero 2025-02-25) · MoCRA Product Registration | Register of Establishment Cosmetic MoCRA | Registro de Establecimiento FDA
richard  roy,Richard Roy,+16462429022,richard.roy@lucrorcapital.com,,alimentos,QuickBooks · último registro/renovación FDA 2025-04-04 (primero 2025-04-04) · Registro de Establecimiento FDA
,Gilles Pelletier,+14505221389,gilles@fraucheururbaind.com,,alimentos,QuickBooks · último registro/renovación FDA 2025-04-10 (primero 2025-04-10) · FDA Renewal
,Angelo Tito Rosas,+19547060668,ankho88@gmail.com,,alimentos,QuickBooks · último registro/renovación FDA 2025-05-02 (primero 2025-05-02) · FDA Establishment Registration
Adrian  Jusino,Adrian Jusino,+59162377117,adrian.jusino@yahoo.com,,alimentos,QuickBooks · último registro/renovación FDA 2025-06-04 (primero 2025-06-04) · Registro de Establecimiento FDA
,COSMETICOS MARAVILLA S.A. DE C.V.,+13477691791,echavez@linkadvisors.mx,,cosméticos,QuickBooks · último registro/renovación FDA 2025-08-22 (primero 2025-08-22) · MoCRA Product Registration | Registro de Establecimiento FDA
,Colfoods Trading Bogota,+573152979894,gerencia@colfoodstrading.com,,alimentos,QuickBooks · último registro/renovación FDA 2025-08-22 (primero 2025-08-22) · Registro de Establecimiento FDA
,BODEGAS PINORD S.A.,+34938903066,mcalzado@pinord.com,,alimentos,QuickBooks · último registro/renovación FDA 2025-08-28 (primero 2023-11-09) · FDA Registration Renewal | FDA Renewal
,Chocology S.A. de C.V.,+525558012945,ruben.espana@chocology.com.mx,,alimentos,QuickBooks · último registro/renovación FDA 2025-09-02 (primero 2023-06-05) · FDA Renewal | Registro de Establecimiento FDA
Ricardo  Olmedo,Ricardo Olmedo,+50325253415,ricardo.gutierrez@sabores.com.sv,,alimentos,QuickBooks · último registro/renovación FDA 2025-09-16 (primero 2025-09-16) · Registro de Establecimiento FDA
,TECNOGLOBAL PH7 SA DE CV,+13344770030,kzacarias@tecnoglobal.mx,,cosméticos,QuickBooks · último registro/renovación FDA 2025-09-17 (primero 2024-02-01) · MoCRA Label Submission | MoCRA Product Registration | Registro de Establecimiento Cosmetico MoCRA
,INDUSTRIA DE PRODUCTOS ALIMENTICIOS INPROLAC S.A.,+022360735,"sig@inprolac.com.ec, mx@fastfwdus.com, facturacion.electronica@inprolac.com.ec",,alimentos,QuickBooks · último registro/renovación FDA 2025-09-19 (primero 2024-10-28) · FDA Renewal | Registro de Establecimiento FDA
,Tequilera La Gonzalena,+528362731336,grupotequilerag@outlook.com,,alimentos,QuickBooks · último registro/renovación FDA 2025-09-25 (primero 2024-10-16) · FDA Renewal
,Hacienda Canas Verdes,+50766186569,abucoffeepanama@gmail.com,,alimentos,QuickBooks · último registro/renovación FDA 2025-10-02 (primero 2024-11-01) · FDA Registration Renewal | FDA Renewal
Nintay  LLC,Nintay LLC,+5616630311,gusorbital@gmail.com,,alimentos,QuickBooks · último registro/renovación FDA 2025-10-02 (primero 2025-10-02) · Registro de Establecimiento FDA
,ASOCIACION DE PRODUCTORES AGROINDUSTRIALES KALLPA APAGRO,+5114213383,zuazo@sumaqao.com,,alimentos,QuickBooks · último registro/renovación FDA 2025-10-03 (primero 2023-12-06) · FDA Renewal | Fda Renovation
,ASOCIACION CACAOTERA DE TOCACHE,+5114213383,zuazo@sumaqao.com,,alimentos,QuickBooks · último registro/renovación FDA 2025-10-03 (primero 2023-12-06) · FDA Renewal | Fda Renovation
,SUMAQAO SAC,+5114213383,zuazo@sumaqao.com,,alimentos,QuickBooks · último registro/renovación FDA 2025-10-03 (primero 2023-12-06) · FDA Renewal | Fda Renovation
,Pachamama Farms SAC,+969582397,jessenia@pachamamafarms.com,,alimentos,QuickBooks · último registro/renovación FDA 2025-10-06 (primero 2023-08-21) · FDA Product Registration | FDA Renewal | Registro de Establecimiento FDA
,VT BIEN SA DE CV,+18117681026,"admon@artsme.mx, mx@fastfwdus.com",,alimentos,QuickBooks · último registro/renovación FDA 2025-10-10 (primero 2023-02-08) · FDA Renewal | Registro de Establecimiento FDA
,TA EXPORT S.A.C,+51933095503,yuriko.norabuena@grupotial.com,,alimentos,QuickBooks · último registro/renovación FDA 2025-10-13 (primero 2024-12-31) · FDA Registration Renewal | FDA Renewal
,Lapasion Internacional S.A,+34976570892,marketing@lapasion.es,,alimentos,QuickBooks · último registro/renovación FDA 2025-10-14 (primero 2024-10-08) · FDA Registration Renewal | FDA Renewal
,Exportadora Don Alberto S.A,+56322960033,dferes@olivaresdonalberto.cl,,alimentos,QuickBooks · último registro/renovación FDA 2025-10-16 (primero 2024-10-07) · FDA Registration Renewal | FDA Renewal
Ruperto  Ramirez Cotrina,Cooperativa Agraria Reopa,+51931586508,ramirezcotrina20@gmail.com,,alimentos,QuickBooks · último registro/renovación FDA 2025-10-16 (primero 2025-10-16) · Cambio de Agente FDA
Juan Carlos  Zabala,Culmarex S.A.U.,+34689193831,juancarlos.zabala@culmarex.com,,alimentos,QuickBooks · último registro/renovación FDA 2025-10-16 (primero 2025-10-16) · Cambio de Agente FDA
Lawrenz  Ayala,Avalon Fresh Foods S. de R.L. de C.V.,+524151118349,lawrenz@avalonfp.com,,alimentos,QuickBooks · último registro/renovación FDA 2025-10-20 (primero 2025-10-20) · Registro de Establecimiento FDA
,LABORATORIOS SANFER S.A DE C.V.,+15547445300,esther.gonzalez@grimann.com.mx,,alimentos,QuickBooks · último registro/renovación FDA 2025-10-28 (primero 2023-12-12) · FDA Registration Renewal | FDA Renewal | Renewal
Branko  Pavic,Nama Exportaciones S.A,+56232510600,bpavic@nama.cl,,alimentos,QuickBooks · último registro/renovación FDA 2025-10-28 (primero 2025-10-28) · Cambio de Agente FDA
,Natural Sant USA Corp,+17866758547,"snietoquintero@gmail.com, mx@fastfwdus.com,  calidadnaturalsant@gmail.com",,cosméticos,QuickBooks · último registro/renovación FDA 2025-10-29 (primero 2025-02-11) · Cambio de Agente FDA | FDA Renewal | MoCRA Product Registration
Orozco Agricola de AETL AETL,Orozco Agricola de AETL AETL,+526643577679,orozcoagricola@gmail.com,,alimentos,QuickBooks · último registro/renovación FDA 2025-10-29 (primero 2025-10-29) · FDA Renewal
Noemi  Garcia,Peruvian Heritage S.A.C.,+5116281414,ngarcia@nunatura.com,,alimentos,QuickBooks · último registro/renovación FDA 2025-10-30 (primero 2025-10-30) · FDA Registration Renewal
Edward  Luna,SC Packing SAC,+51959374303,luisn@scpackingperu.com,,alimentos,QuickBooks · último registro/renovación FDA 2025-11-04 (primero 2025-11-04) · FDA Renewal
,Medivaric,+576014303030,director.tecnico@medivaric.com.co,,alimentos,QuickBooks · último registro/renovación FDA 2025-11-07 (primero 2025-11-07) · Cambio de Agente FDA
Rodrigo  Espinoza,Rodrigo Espinoza,+56224831172,respinozah@expsanesteban.cl,,alimentos,QuickBooks · último registro/renovación FDA 2025-11-07 (primero 2025-11-07) · Registro de Establecimiento FDA
,Agricola Lyon Ltda,+56722975868,tcampos@maxagro.cl,,alimentos,QuickBooks · último registro/renovación FDA 2025-11-10 (primero 2024-10-07) · FDA Registration Renewal | FDA Renewal
,AGRICOLA ZEIT ORGANISCH S.A.C,+51985017545,lampeponce@gmail.com,,alimentos,QuickBooks · último registro/renovación FDA 2025-11-11 (primero 2024-10-22) · FDA Renewal
VAINILLA USUMACINTA SA DE CV,VAINILLA USUMACINTA SA DE CV,+523329595949,vallartashowme@hotmail.com,,alimentos,QuickBooks · último registro/renovación FDA 2025-11-13 (primero 2025-11-13) · FDA Renewal | Registro de Establecimiento FDA
,"OnMedical Group, LLC.",+12817794490,ceo@onmedical.group,,alimentos,QuickBooks · último registro/renovación FDA 2025-11-14 (primero 2024-10-15) · FDA Renewal
Ernesto  Recalde,Ernesto Recalde,+595216572582,ernesto.recalde@py.nestle.com,,alimentos,QuickBooks · último registro/renovación FDA 2025-11-21 (primero 2025-11-21) · Registro de Establecimiento FDA
LADY  GAGA,LADY GAGA,+17864985011,ladygaga@gmail.com,,alimentos,QuickBooks · último registro/renovación FDA 2025-11-23 (primero 2025-11-23) · Registro de Establecimiento FDA
,VITATU NUTRICION Y BIENESTAR,+18119106375,administracion@vitatumx.com,,alimentos,QuickBooks · último registro/renovación FDA 2025-11-24 (primero 2023-03-17) · FDA Renewal | Registro de Establecimiento FDA
,E.A.C. CHANCHAMAYO HIGHLAND COFFEE SAC,+950813914,central@highlandproducts.com.pe,,alimentos,QuickBooks · último registro/renovación FDA 2025-11-24 (primero 2024-12-27) · FDA Renewal
Javier  Lazos,AZZO INTERNATIONAL CORP,+525585340132,javier@azzo.coffee,,alimentos,QuickBooks · último registro/renovación FDA 2025-11-26 (primero 2024-04-05) · FDA Registration Renewal | FDA Renewal | Registro de Establecimiento FDA
,AgroAndino S.R.L,+51966654366,saulb@agroandino-peru.com,,alimentos,QuickBooks · último registro/renovación FDA 2025-11-28 (primero 2024-12-27) · FDA Renewal
Sara  Domenech,Sara Domenech,+34600746082,comercial@winnerfish.eu,,alimentos,QuickBooks · último registro/renovación FDA 2025-11-28 (primero 2025-11-28) · FDA Renewal
Mariela  Gatica,Mariela Gatica,+56998254272,mgatica@gls.cl,,alimentos,QuickBooks · último registro/renovación FDA 2025-12-01 (primero 2025-12-01) · FDA Renewal
,Laidlaw Wholesale Inc.,+14168755935,george@laidlawwholesale.ca,,alimentos,QuickBooks · último registro/renovación FDA 2025-12-02 (primero 2025-12-02) · Registro de Establecimiento FDA
Julietta  Minetti,HMSERVICES PTY,+50760089923,"hmservices.pty@gmail.com, mx@fastfwdus.com",,alimentos,QuickBooks · último registro/renovación FDA 2025-12-03 (primero 2024-01-26) · FDA Renewal | Registro de Establecimiento FDA
,Osega Ventures S.A. de C.V.,+528126220575,jfgarat@gmail.com,,alimentos,QuickBooks · último registro/renovación FDA 2025-12-08 (primero 2025-12-08) · FDA Registration Renewal
,Maschwitz Díaz SA,+5492236229829,pampadoro@gmail.com,,alimentos,QuickBooks · último registro/renovación FDA 2025-12-10 (primero 2025-12-10) · FDA Renewal
,"Martinez Payan, Claudia Patricia",+525527418389,calahmapa69@gmail.com,,alimentos,QuickBooks · último registro/renovación FDA 2025-12-12 (primero 2024-12-30) · FDA Registration Renewal | FDA Renewal
,Listo y Fresco SAS,+16023371920,erika@listoyfresco.com,,alimentos,QuickBooks · último registro/renovación FDA 2025-12-12 (primero 2025-12-11) · FDA Renewal | Registro de Establecimiento FDA
GUMUS GIDA SAN VE TIC AS,GUMUS GIDA SAN VE TIC AS,+13056806363,vespacini@theucsgroup.net,,alimentos,QuickBooks · último registro/renovación FDA 2025-12-12 (primero 2025-12-12) · FDA Renewal
Yuriko  Norabuena,BEST FRUITS OF PERU S.A.C.,+51933095503,,,alimentos,QuickBooks · último registro/renovación FDA 2025-12-12 (primero 2025-12-12) · Registro de Establecimiento FDA
,"Gastronomia de Antano, S.A. de C.V.",+525580562736,"msuro@gantano.com, mx@fastfwdus.com",,alimentos,QuickBooks · último registro/renovación FDA 2025-12-15 (primero 2024-10-15) · FDA Registration Renewal | FDA Renewal
,"TECNOLOGIAS ALIMENTARIAS AVANZADAS, S.L.",+960212582,dpt.exportacion@apalav.com,,alimentos,QuickBooks · último registro/renovación FDA 2025-12-16 (primero 2023-01-31) · FDA Registration Renewal | Registro de Establecimiento FDA
North Grains Trading S.A. de C.V.,Delia Chiara,+526621730775,deliachaira@indexgranos.com,,alimentos,QuickBooks · último registro/renovación FDA 2025-12-16 (primero 2025-12-16) · FDA Renewal
,Verde frío SPR  de RL,+52223273515,"verdefrio2017@hotmail.com, mx@fastfwdus.com, sroquei@yahoo.com.mx",,alimentos,QuickBooks · último registro/renovación FDA 2025-12-17 (primero 2024-01-09) · FDA Renewal
,Industrias Oleana S.A,+593993418669,ecampoverde@oleana.ec,,alimentos,QuickBooks · último registro/renovación FDA 2025-12-18 (primero 2024-10-01) · FDA Renewal
,Aquanova SA,+5172542287,walterolaya@aquanovasac.com,,alimentos,QuickBooks · último registro/renovación FDA 2025-12-22 (primero 2025-12-22) · FDA Registration Renewal
POLENEC,POLENECTAR,+5511998817685,rodrigo@polenectar.com,,alimentos,QuickBooks · último registro/renovación FDA 2025-12-23 (primero 2025-12-23) · FDA Renewal
,Petsa del Bajio,+524422390364,mario@petsabajio.com,,alimentos,QuickBooks · último registro/renovación FDA 2025-12-23 (primero 2025-12-23) · Registro de Establecimiento FDA
,Nutritious Can Be Delicious Brand,+524422515355,admin@healthybrand.mx,,alimentos,QuickBooks · último registro/renovación FDA 2025-12-29 (primero 2025-08-28) · FDA Registration Renewal | Registro de Establecimiento FDA
Fundo La Noria S.A.C,Fundo La Noria S.A.C,+51945757990,comex@fln.com.pe,,alimentos,QuickBooks · último registro/renovación FDA 2025-12-29 (primero 2025-12-29) · Cambio de Agente FDA
,Generacion Nutiva SA de CV,+15591788570,daniel.raich@generacionn.com,,alimentos,QuickBooks · último registro/renovación FDA 2025-12-29 (primero 2025-12-29) · FDA Registration Renewal
,TATORE LLC,+13054847250,tatoremiami@gmail.com,,alimentos,"QuickBooks · último registro/renovación FDA 2026-01-02 (primero 2026-01-02) · FOOD AND BEVERAGE, FDA Establishment Registration)"
,CAFICAR S. DE R.L. DE C.V.,+522225290840,administracion@caficar.com,,alimentos,QuickBooks · último registro/renovación FDA 2026-01-05 (primero 2026-01-05) · Registro de Establecimiento FDA
,Proharvest Group LLC,+17869107793,proharvest@listoyfresco.com,,alimentos,QuickBooks · último registro/renovación FDA 2026-01-08 (primero 2024-12-26) · FDA Renewal
,Hacienda Soapayuca,+525516565336,tuzalozano92@gmail.com,,alimentos,QuickBooks · último registro/renovación FDA 2026-01-13 (primero 2026-01-13) · Registro de Establecimiento FDA
,PESQUERA BETH EEL S.A.,+593959710434,info@pesquerabt.com,,alimentos,QuickBooks · último registro/renovación FDA 2026-01-14 (primero 2026-01-14) · Registro de Establecimiento FDA
,Skeleton Mexico,+525630719150,karen@nutritionsystems.mx,,alimentos,QuickBooks · último registro/renovación FDA 2026-01-15 (primero 2026-01-15) · Registro de Establecimiento FDA
,3Q SAS,+13102358580,camilacanogomez@gmail.com,,alimentos,QuickBooks · último registro/renovación FDA 2026-01-19 (primero 2026-01-19) · FDA Registration Renewal
,Cana group corp,+18097966662,exportacion2@canagroupcorp.com,,alimentos,QuickBooks · último registro/renovación FDA 2026-01-20 (primero 2026-01-20) · Registro de Establecimiento FDA
Trilladora  CSC,Trilladora CSC,+573046130956,contabilidad@coffeeandsofts.com,,alimentos,QuickBooks · último registro/renovación FDA 2026-01-20 (primero 2026-01-20) · Registro de Establecimiento FDA
,Alimentos y Complementos del Amazonas y Cono Sur en Puebla S.A. de C.V.,+526461516350,anzus.consultora@gmail.com,,alimentos,QuickBooks · último registro/renovación FDA 2026-01-20 (primero 2026-01-20) · Registro de Establecimiento FDA
,"ENERGIA 5 MAS 1 COMERCIO, S.A. DE C.V.",+15589521722,juridico01@5mas1.com.mx,,cosméticos,QuickBooks · último registro/renovación FDA 2026-01-21 (primero 2025-03-07) · FDA Renewal | MoCRA Product Registration | Register of Establishment Cosmetic MoCRA.
Cristina  Almeida,NUTRICIONPLUS SAS,+593990481893,cristina.almeida@nutricion-plus.com,,alimentos,QuickBooks · último registro/renovación FDA 2026-01-27 (primero 2026-01-27) · FDA Renewal
,Lormar Optical Distributors Inc,+17876776711,e.grafals@lormaropticalpr.com,,alimentos,QuickBooks · último registro/renovación FDA 2026-01-27 (primero 2026-01-27) · Registro de Establecimiento FDA
,D´raiz SuperFoods SA de CV,+13314001624,sergio@draiz.mx,,alimentos,QuickBooks · último registro/renovación FDA 2026-01-28 (primero 2025-04-09) · FDA Renewal
,INVERSIONES SUR AUSTRAL SPA,+56978799360,gerencia@invsuraustral.cl,,alimentos,QuickBooks · último registro/renovación FDA 2026-01-29 (primero 2026-01-29) · Registro de Establecimiento FDA
,Cooperativa Agraria Aromas del Valle,+51970505255,administracion@aromadelvalle.com,,alimentos,QuickBooks · último registro/renovación FDA 2026-01-29 (primero 2026-01-29) · Registro de Establecimiento FDA
,GRUPO INDUSTRIAL PHARMA RACSO,+526143497400,lulyadmonbiotech@gmail.com,,alimentos,QuickBooks · último registro/renovación FDA 2026-01-30 (primero 2026-01-30) · Registro de Establecimiento FDA
,Magia 33 llc,+17868189705,mica@magia33.com,,alimentos,QuickBooks · último registro/renovación FDA 2026-02-03 (primero 2026-02-03) · Registro de Establecimiento FDA
,NUTRITEC SAS,+5726650595,id@nutritec.com.co,,alimentos,QuickBooks · último registro/renovación FDA 2026-02-04 (primero 2026-02-01) · FDA Renewal
,JULIUS COMMERCE USA LLC,+5491144377414,julia.smith@julius2grow.com,,cosméticos,QuickBooks · último registro/renovación FDA 2026-02-04 (primero 2026-02-03) · MoCRA Product Registration | Registro de Establecimiento FDA
,Coco Colima SA de CV,+523133221288,guillermo.ruiz@cocoes.mx,,alimentos,QuickBooks · último registro/renovación FDA 2026-02-04 (primero 2026-02-04) · Cambio de Agente FDA
BUNCH  AGRO,BUNCH AGRO,+5491167520562,mcarmona@bunch-agro.com,,alimentos,QuickBooks · último registro/renovación FDA 2026-02-04 (primero 2026-02-04) · Registro de Establecimiento FDA
,Lourmel Sa,+50234828388,jrdavilabone@gmail.com,,alimentos,QuickBooks · último registro/renovación FDA 2026-02-12 (primero 2026-02-12) · Registro de Establecimiento FDA
Magaly  Alvarado,Lady Rose Cosmetics LLC,+19549071354,malvarado2023@gmail.com,,cosméticos,QuickBooks · último registro/renovación FDA 2026-02-16 (primero 2026-02-16) · MoCRA Product Registration | Register of Establishment Cosmetic MoCRA
,Pesquera Papudo limitada,+56934147639,calidad@pesquerapacificbay.cl,,alimentos,QuickBooks · último registro/renovación FDA 2026-02-18 (primero 2026-02-18) · Registro de Establecimiento FDA
,COSTANOR BETTY SAC,+51960785803,csosa@lanuestraperu.com,,alimentos,QuickBooks · último registro/renovación FDA 2026-02-20 (primero 2026-02-20) · Registro de Establecimiento FDA
,Industrias alimenticias Grincon,+523322546671,monica@greenconcept.life,,alimentos,QuickBooks · último registro/renovación FDA 2026-02-20 (primero 2026-02-20) · Registro de Establecimiento FDA
,MIA BEAUTY US LLC,+13058124690,info@miahairbeauty.com,,cosméticos,QuickBooks · último registro/renovación FDA 2026-02-25 (primero 2026-01-27) · MoCRA Product Registration | Registro de Establecimiento FDA
,SUCDEN COFFEE MEXICO,+522221896538,egonzalez@sucden.com,,alimentos,QuickBooks · último registro/renovación FDA 2026-02-25 (primero 2026-02-04) · Registro de Establecimiento FDA
,industrias alimenticias pratano sas,+573002603214,pataconeloriginal@hotmail.com,,alimentos,QuickBooks · último registro/renovación FDA 2026-02-25 (primero 2026-02-25) · Registro de Establecimiento FDA
Santos  Hidalgo,TROPI FOOD LLC,+17864876425,tropidisco@gmail.com,,alimentos,QuickBooks · último registro/renovación FDA 2026-02-27 (primero 2026-02-27) · Registro de Establecimiento FDA
,ANKER FOOD S.L.,+34961233272,mmarin@ankerfood.es,,alimentos,QuickBooks · último registro/renovación FDA 2026-03-04 (primero 2026-03-04) · Registro de Establecimiento FDA
,"Grupo Faña, SRL",+18098896143,hola@grupofana.do,,cosméticos,QuickBooks · último registro/renovación FDA 2026-03-05 (primero 2026-03-05) · MoCRA Product Registration | Register of Establishment Cosmetic MoCRA.
Distribuidora Yekuana del Caribe C.A,Distribuidora Yekuana del Caribe C.A,+584142713689,asesoriasyserviciosasimex@gmail.com,,alimentos,QuickBooks · último registro/renovación FDA 2026-03-11 (primero 2026-03-11) · Registro de Establecimiento FDA
,Golden Horses II LLC,+13052834351,amat.valjj@gmail.com,,cosméticos,QuickBooks · último registro/renovación FDA 2026-03-12 (primero 2026-03-12) · MoCRA Product Registration | Register of Establishment Cosmetic MoCRA
,Jom Agave Distillery Producers SA de CV,+523328341483,enrique@grupojomagave.com,,alimentos,QuickBooks · último registro/renovación FDA 2026-03-12 (primero 2026-03-12) · Registro de Establecimiento FDA
,BURCHERS SA DE CV,+525611096883,yoatzi@vechele.mx,,alimentos,QuickBooks · último registro/renovación FDA 2026-03-19 (primero 2026-03-19) · Registro de Establecimiento FDA
Marcela  Sotelo,NATURAL COSMETIC LAB,+17867098088,sotelomarcela@hotmail.com,,alimentos,QuickBooks · último registro/renovación FDA 2026-03-27 (primero 2026-03-27) · Registro Establecimiento FDA
Daniel  Malca Dragicevic,Finca Don Danny — Daniel Malca Dragicevic  (2026),+50764419698,danielmalca@fincadondanny.com,,alimentos,QuickBooks · último registro/renovación FDA 2026-03-30 (primero 2026-03-30) · Registro Establecimiento FDA
Juan  Alberto Rijo,Genese deshidratados  — Juan Alberto Rijo  (2026),+59898603796,ferlapitz@gmail.com,,alimentos,QuickBooks · último registro/renovación FDA 2026-03-30 (primero 2026-03-30) · Registro Establecimiento FDA
Cooperativa Antioqueña de Exportación Colombiana,Cooperativa Antioqueña de Exportación Colombiana,+573246351962,,,alimentos,QuickBooks · último registro/renovación FDA 2026-03-31 (primero 2026-03-31) · Registro Establecimiento FDA
Leslie  Cervantes Gonzalez,TEQUILAS GONZALEZ LARA SA DE CV — Leslie Cervantes Gonzalez  (2026),+523320619183,tequilamarengo@hotmail.com,,alimentos,QuickBooks · último registro/renovación FDA 2026-03-31 (primero 2026-03-31) · Registro Establecimiento FDA
Marco  eyzaguirre,Agropacking syf sac — Marco eyzaguirre (2026),+51965339898,agropackingsf@gmail.com,,alimentos,QuickBooks · último registro/renovación FDA 2026-04-03 (primero 2026-04-03) · Registro Establecimiento FDA | Registro de Establecimiento FDA
Andres  Gandolfo,Andes & Wine LLC,+17864956610,carlinbisio88@gmail.com,,alimentos,QuickBooks · último registro/renovación FDA 2026-04-05 (primero 2025-11-03) · FDA Registration Renewal | Registro Establecimiento FDA
Lazaro  Garcia,GUZ LEGAL CORP SRL — Lazaro Garcia (2026),+18495066645,info@guzlegal.com,,alimentos,QuickBooks · último registro/renovación FDA 2026-04-07 (primero 2026-04-07) · Registro Establecimiento FDA
,QlP Group SAS,+541130378827,eduardoidigoras@gmail.com,,alimentos,QuickBooks · último registro/renovación FDA 2026-04-10 (primero 2026-04-10) · Registro Establecimiento FDA
